YEAR,MONTH,us_tavg_f,us_tmax_f,us_tmin_f,n_stations
1900,1,32.54862007007239,42.35712062760748,22.740119512537298,401
1900,2,26.722637553290085,37.358800898539215,16.086474208040954,415
1900,3,37.78856950267629,48.84745601671815,26.729682988634426,411
1900,4,52.74232624061622,64.71829398212046,40.76635849911198,411
1900,5,62.845282212025815,75.82456820006097,49.86599622399066,407
1900,6,70.61744338761565,82.92851382419765,58.30637295103364,405
1900,7,74.04066526094836,86.5151246393827,61.566205882514005,407
1900,8,75.80283510364042,88.3431509560417,63.26251925123915,398
1900,9,67.0609818519172,78.92006850572142,55.20189519811299,393
1900,10,59.238475994693935,70.9407945656522,47.53615742373567,398
1900,11,41.30287484042725,51.44217613810279,31.163573542751706,403
1900,12,33.75848480779807,43.27844109654793,24.23852851904821,405
1901,1,30.421883745577553,40.43111423512587,20.412653256029238,406
1901,2,26.384340053782413,36.494631401146144,16.274048706418682,413
1901,3,39.892263601644416,50.72236777878203,29.062159424506802,408
1901,4,49.89825050708136,61.5536766942465,38.24282431991622,412
1901,5,61.29604629407811,73.84353119926047,48.74856138889575,401
1901,6,70.65633751389096,83.28125301811853,58.031422009663395,396
1901,7,78.50342967238109,91.99631648428691,65.01054286047528,403
1901,8,73.81172766742249,86.70902142818436,60.91443390666063,400
1901,9,64.52381663078444,76.89202413824523,52.155609123323636,402
1901,10,56.003434693325524,69.2812734018954,42.72559598475564,401
1901,11,40.620051844744054,51.92463916345484,29.315464526033278,403
1901,12,29.811960593345898,39.41263830065268,20.21128288603911,406
1902,1,29.199772213271636,39.635009611165096,18.764534815378177,411
1902,2,28.036999227151032,37.93050774159202,18.143490712710047,423
1902,3,43.28013486927203,53.83079507428222,32.72947466426184,411
1902,4,51.263592578854784,63.634679756091785,38.8925054016178,421
1902,5,64.09656354895513,76.17607576863277,52.0170513292775,425
1902,6,68.34674333672888,80.45497813411264,56.238508539345105,417
1902,7,73.80297602936363,86.00504976088328,61.60090229784398,423
1902,8,71.73796651284299,83.9987152863633,59.477217739322676,423
1902,9,63.3742122830633,75.73743054807989,51.01099401804672,411
1902,10,55.54750869431526,68.0159042133612,43.079113175269335,416
1902,11,46.15631721464921,55.89582464852506,36.41680978077334,413
1902,12,30.06114749612743,38.940897373114815,21.181397619140046,421
1903,1,29.842790807022784,39.276836732597005,20.408744881448566,415
1903,2,29.210884431366424,39.59980956668169,18.82195929605116,422
1903,3,44.37957585604591,54.5087416847332,34.25041002735862,427
1903,4,51.51962029653996,63.61207136201208,39.42716923106784,423
1903,5,62.0261951332949,74.04708381730654,50.00530644928325,432
1903,6,66.39097184633378,78.19490155244654,54.58704214022104,431
1903,7,73.28425313955759,85.49995470583988,61.06855157327531,427
1903,8,71.30973805824793,83.02860082839577,59.590875288100094,421
1903,9,64.07631934924129,77.00422704089205,51.14841165759053,423
1903,10,55.12186710450901,68.0623861781323,42.18134803088572,420
1903,11,39.8683821041669,50.692674517291664,29.044089691042135,412
1903,12,28.476488317601067,39.55407762743143,17.39889900777071,423
1904,1,24.994054568612455,35.568865947631046,14.419243189593862,424
1904,2,27.332058749420362,38.40598534732659,16.258132151514136,441
1904,3,40.835925186384344,51.710193666972934,29.96165670579575,432
1904,4,48.501598316186474,60.39196732046002,36.611229311912915,439
1904,5,61.419992621241384,74.08940944881036,48.750575793672404,440
1904,6,68.58943680719821,80.74237079880228,56.43650281559414,425
1904,7,72.08054235804012,84.31111815194839,59.84996656413185,432
1904,8,71.11203863433826,83.79210230092269,58.43197496775386,421
1904,9,66.0268005556455,78.67405721508622,53.379543896204744,419
1904,10,55.027434055880285,67.75348038038057,42.30138773137999,415
1904,11,43.648618717219065,56.309154046595076,30.988083387843048,412
1904,12,30.908598737873373,41.1079888231111,20.709208652635642,417
1905,1,23.833069380333985,33.54870882893503,14.117429931732946,415
1905,2,23.95733161602465,34.43774686999739,13.476916362051911,426
1905,3,45.473205848475445,56.630680286803894,34.31573141014699,431
1905,4,51.52605757420449,63.58096021691641,39.47115493149258,434
1905,5,61.37131026258516,72.95570341725931,49.78691710791103,439
1905,6,70.12904121188241,81.97007758432851,58.28800483943632,427
1905,7,72.82250375866018,84.44036654773498,61.204640969585355,429
1905,8,73.53387270162712,85.8051389449416,61.26260645831262,438
1905,9,67.24972866980842,79.60618988674162,54.89326745287522,426
1905,10,53.135964490643374,65.0858073104099,41.186121670876844,421
1905,11,43.15177097563317,54.62778381720746,31.675758134058874,433
1905,12,32.56976266769442,42.386153499377436,22.753371836011418,434
1906,1,33.6358711195112,43.69822981829136,23.573512420731046,435
1906,2,31.759015761253107,43.281962123490125,20.23606939901609,436
1906,3,34.6471863836742,44.05668161106632,25.23769115628209,436
1906,4,54.4487590359823,67.35305399532739,41.54446407663722,437
1906,5,61.68847501809771,74.24189867108926,49.13505136510616,435
1906,6,69.25676208843595,81.48945704920112,57.02406712767078,434
1906,7,72.89042036960451,85.33377064188696,60.44707009732207,432
1906,8,73.99879811290992,85.83497802710029,62.16261819871955,420
1906,9,68.57800645723272,80.75245412047427,56.40355879399115,429
1906,10,53.681170599146284,65.61552192939213,41.746819268900445,439
1906,11,41.65972796195131,51.84144178701248,31.478014136890142,432
1906,12,34.10051438503961,43.342184560185444,24.858844209893782,437
1907,1,30.624504011260598,40.31966503560683,20.92934298691437,441
1907,2,32.228229013495294,43.25948540211965,21.196972624870938,441
1907,3,46.25519739286125,57.706101773932524,34.804293011789966,437
1907,4,46.329151873069456,57.90529089680434,34.753012849334574,440
1907,5,56.55109910477442,68.68220516628668,44.41999304326216,439
1907,6,67.48758792958597,79.42584311886047,55.54933274031147,436
1907,7,74.02842498544868,86.10449591580229,61.95235405509506,431
1907,8,72.01114618548976,84.36020284019318,59.66208953078634,426
1907,9,65.33433043012671,77.56625943092297,53.10240142933046,431
1907,10,53.60611291349721,66.59900118452582,40.61322464246862,431
1907,11,41.35884385098198,52.29021601292144,30.42747168904251,428
1907,12,34.63684971087356,44.09028237178622,25.183417049960905,424
1908,1,31.630384035293957,42.427423817814834,20.833344252773085,442
1908,2,31.21784549971188,41.22574206828692,21.20994893113684,443
1908,3,44.08670704316524,55.6209966736046,32.55241741272588,439
1908,4,53.44057133130654,66.03304176563412,40.84810089697897,434
1908,5,61.241999033545355,72.8697398600311,49.614258207059606,438
1908,6,68.90999760979732,80.8330396703498,56.986955549244826,439
1908,7,74.1598364622916,86.55017155364199,61.76950137094121,441
1908,8,71.8721897534902,84.36707116383363,59.37730834314678,439
1908,9,67.7795632756137,81.70401493341735,53.85511161781007,445
1908,10,53.52233866581012,66.25959272089628,40.78508461072397,447
1908,11,43.86696845398803,55.538890644848784,32.19504626312727,448
1908,12,33.85213812722907,43.831061808906966,23.87321444555116,449
1909,1,31.077406866413742,40.725288534313115,21.429525198514373,451
1909,2,34.619764329390414,45.494699707607786,23.744828951173048,462
1909,3,39.93969691593339,50.45786882114601,29.421525010720774,454
1909,4,49.69024702364994,61.73148908772602,37.64900495957386,465
1909,5,59.68970763740183,72.08443280024171,47.29498247456194,459
1909,6,70.25238622171108,81.98385808153465,58.52091436188751,457
1909,7,73.10551048803703,85.11695755812563,61.0940634179484,453
1909,8,74.49265973682776,87.39184790405334,61.59347156960217,447
1909,9,65.16389293654001,77.79832417178113,52.52946170129888,453
1909,10,53.10106661634889,66.14083521522176,40.06129801747602,456
1909,11,46.9665983008882,58.22088355690287,35.71231304487353,455
1909,12,25.214079039002677,34.10431048827452,16.323847589730825,452
1910,1,28.94676624626048,38.83159699837822,19.061935494142745,453
1910,2,27.922325184876378,38.990506868626305,16.85414350112645,459
1910,3,50.640493259509896,64.532229833706,36.748756685313786,461
1910,4,54.39853510035745,67.84605890737124,40.951011293343655,468
1910,5,59.04387184471866,71.5451049145427,46.54263877489461,462
1910,6,69.15324928041306,82.11505892881065,56.19143963201549,462
1910,7,74.84112319262368,87.8982875215012,61.78395886374617,456
1910,8,72.01685964575367,84.87487767910888,59.15884161239844,458
1910,9,66.34364104652767,78.77822565252842,53.909056440526896,459
1910,10,57.23868497212892,70.55909804764882,43.91827189660902,459
1910,11,40.36117701955782,51.05630852573125,29.6660455133844,448
1910,12,30.058242149779034,39.845971150501306,20.27051314905676,453
1911,1,31.803330389017667,42.24819382298608,21.358466955049256,467
1911,2,34.18911835893523,44.25634181384582,24.121894904024636,464
1911,3,43.45481703532243,55.937994853374114,30.97163921727074,463
1911,4,50.561010561513065,62.34734972446349,38.77467139856263,471
1911,5,64.329125712549,77.72461091595859,50.93364050913941,465
1911,6,73.12689161422358,86.43611210315552,59.81767112529164,469
1911,7,74.30175188319636,87.57393158138889,61.029572185003836,470
1911,8,72.1522255098783,84.69398316833013,59.61046785142646,465
1911,9,67.70199177135862,79.70885020571333,55.695133337003895,468
1911,10,53.828851994491096,64.77391692049306,42.88378706848912,458
1911,11,37.689976028245326,48.43216849652455,26.9477835599661,461
1911,12,34.08307678066319,43.103244225600776,25.062909335725614,460
1912,1,20.740722759677094,30.711805980007764,10.769639539346429,466
1912,2,28.3053281668087,38.42709320409694,18.18356312952046,474
1912,3,34.601241533361936,44.857284702661076,24.345198364062806,475
1912,4,52.621647914932595,64.43150087629239,40.81179495357281,468
1912,5,62.59815281834672,74.90928937631256,50.28701626038089,463
1912,6,67.636490889035,80.19121111858287,55.08177065948715,457
1912,7,73.91140782468342,85.95124508670357,61.871570562663265,464
1912,8,71.17357092031057,83.11214288307565,59.2349989575455,469
1912,9,65.12916343136885,77.00716454929855,53.25116231343917,462
1912,10,55.00095699372578,67.85942503794055,42.142488949511005,464
1912,11,43.38814984727915,55.195509019715914,31.580790674842397,462
1912,12,34.35920665403739,44.913454259869354,23.80495904820543,460
1913,1,31.54649956651661,42.29235568211121,20.800643450922013,462
1913,2,28.594318758255312,39.43602807690614,17.752609439604488,470
1913,3,39.295665227314686,50.92437089988931,27.666959554740064,471
1913,4,52.71235074457475,65.3437474638547,40.080954025294815,471
1913,5,61.43649554851332,73.99417805656432,48.87881304046232,466
1913,6,70.55323087098238,83.68855601279765,57.41790572916709,467
1913,7,74.94630308785153,87.95662562361903,61.93598055208405,458
1913,8,75.1694680401453,88.80759832963463,61.53133775065597,453
1913,9,65.17714431029754,77.79773500541688,52.55655361517818,454
1913,10,52.9423685821716,64.7846914401785,41.10004572416469,451
1913,11,46.576904861408735,57.01306962409673,36.140740098720734,458
1913,12,35.43062356867107,44.388098368542565,26.47314876879958,459
1914,1,34.265980909761005,44.04279265053514,24.489169168986876,471
1914,2,27.138195173996955,38.204191884674465,16.072198463319445,465
1914,3,39.83608918164023,50.99887121216904,28.673307151111427,455
1914,4,51.72484146044054,63.59230061087847,39.8573823100026,468
1914,5,62.81336597816324,75.79441424548864,49.832317710837835,472
1914,6,71.78500946642005,84.37053118246178,59.199487750378324,471
1914,7,75.61111959676029,88.76400138762658,62.45823780589402,467
1914,8,73.17635034626107,86.01278680828855,60.3399138842336,462
1914,9,65.63359151133355,78.4502726327404,52.816910389926726,461
1914,10,57.17122730478822,68.89201849241377,45.45043611716267,465
1914,11,44.152927069168854,56.72861900722124,31.577235131116463,469
1914,12,26.38050893025305,35.043955437904636,17.71706242260147,464
1915,1,27.874589787831855,37.711505923330364,18.037673652333343,469
1915,2,35.861868571954886,44.913813679667975,26.8099234642418,466
1915,3,35.97759780897083,45.85698637554,26.098209242401666,464
1915,4,56.5299546320401,69.50754768105458,43.55236158302562,462
1915,5,59.37155551258272,70.7313531197053,48.01175790546012,464
1915,6,67.06729256334798,79.02135953182011,55.11322559487584,462
1915,7,71.66802531533074,83.32253583569293,60.01351479496854,472
1915,8,69.7201257784525,81.57790707087966,57.862344486025336,460
1915,9,66.17944613578622,78.05839738447298,54.30049488709945,463
1915,10,56.4559334837557,69.46938774145657,43.442479226054836,463
1915,11,44.57797625834774,55.99031613277453,33.16563638392095,466
1915,12,32.655826079748806,42.064497429925005,23.2471547295726,459
1916,1,28.727573928936057,38.840094981776545,18.61505287609556,465
1916,2,30.041998378432094,40.703797160195876,19.380199596668312,469
1916,3,40.458840802569675,52.63861854211316,28.279063063026197,463
1916,4,50.653362131820664,62.40460958300903,38.902114680632295,463
1916,5,61.42805195466002,73.82695492282905,49.029148986491,465
1916,6,66.80402582360661,78.75124516461291,54.85680648260032,466
1916,7,76.65941794671053,89.24858997647907,64.07024591694201,464
1916,8,74.01550813623673,86.751228218087,61.27978805438649,460
1916,9,64.49263531723034,77.71967334137899,51.26559729308168,476
1916,10,53.54246099995019,66.58282009880237,40.502101901097994,463
1916,11,41.78739958674976,53.721755941725185,29.85304323177434,470
1916,12,28.491855469406993,39.297992225933825,17.68571871288016,467
1917,1,28.172145305082267,38.84723833701385,17.497052273150686,470
1917,2,27.765070588376517,39.47844192592232,16.051699250830712,471
1917,3,39.790244445745664,51.10381171453168,28.476677176959658,465
1917,4,49.739563889816594,61.36613871078755,38.112989068845636,472
1917,5,56.255024436975845,68.38386857154788,44.1261803024038,474
1917,6,67.84472159111873,80.66562606557964,55.023817116657824,469
1917,7,74.99460497605351,87.83664779229353,62.152562159813485,463
1917,8,71.534265167134,84.64862286103863,58.419907473229344,465
1917,9,64.56934166486417,77.29417005048624,51.84451327924209,466
1917,10,49.34833202867551,62.34035145516205,36.35631260218896,459
1917,11,43.72901607265203,55.71246729903922,31.74556484626485,462
1917,12,25.969686178508006,36.15243714415429,15.786935212861719,462
1918,1,20.249729612068272,30.42090446052145,10.078554763615097,463
1918,2,32.4780771581593,44.47339307359308,20.48276124272553,462
1918,3,46.64316333794692,59.66819144272057,33.61813523317328,461
1918,4,49.351497632764776,61.38848597516645,37.314509290363105,471
1918,5,63.724727028214105,76.59218966503,50.8572643913982,471
1918,6,71.42682860549988,84.33947028180246,58.51418692919729,466
1918,7,73.11540542932974,86.19589926410966,60.03491159454985,462
1918,8,74.95656094404549,88.13979823842257,61.77332364966841,463
1918,9,61.587341639585645,74.6669310020802,48.50775227709109,467
1918,10,57.714688984751525,69.25294048555878,46.17643748394428,457
1918,11,42.64843249460405,52.52471388618455,32.77215110302354,455
1918,12,36.875357567300895,45.70275081807832,28.04796431652346,456
1919,1,32.8010270253987,43.28592125414288,22.316132796654532,459
1919,2,32.44543413224736,41.92435742086484,22.966510843629884,467
1919,3,42.14415606422355,53.46199079656255,30.826321331884554,465
1919,4,51.94615702945112,63.66697884912023,40.225335209782,462
1919,5,60.5925311362073,72.45267944178008,48.73238283063452,464
1919,6,71.57053787519766,83.43125269683699,59.70982305355835,466
1919,7,75.82293979754594,88.74012291412987,62.90575668096201,455
1919,8,72.8036357490697,85.68441407674054,59.92285742139885,459
1919,9,67.44621680454193,80.29347453291098,54.598959076172875,462
1919,10,55.18968503922002,66.09934124513426,44.280028833305785,460
1919,11,40.291753457645044,50.5983431192579,29.985163796032186,455
1919,12,27.168127511882133,37.071645015129796,17.264610008634463,460
1920,1,27.340034685513157,37.2596501637318,17.420419207294515,459
1920,2,31.728009134144433,41.494785246611706,21.961233021677156,466
1920,3,41.280804647609806,53.04870451436131,29.512904780858296,468
1920,4,47.52936975258937,58.51832000278755,36.54041950239119,464
1920,5,60.34586382145706,72.36518924141635,48.326538401497764,469
1920,6,69.3335377845306,81.57420205300595,57.092873516055256,466
1920,7,73.16108411777722,85.78074305184398,60.54142518371044,464
1920,8,71.43218670082719,83.82233917463459,59.042034227019776,460
1920,9,67.23044470874956,79.6908131225548,54.770076294944325,458
1920,10,57.685621149950734,70.52073064978195,44.85051165011951,451
1920,11,40.545958491937185,50.12886186479166,30.963055119082707,450
1920,12,33.61120386157792,42.56305573945712,24.65935198369872,465
1921,1,34.53883148689011,44.08618088560198,24.991482088178234,470
1921,2,36.879295089194564,47.50242958379226,26.25616059459686,475
1921,3,48.03026825705918,60.056564290593,36.00397222352536,475
1921,4,53.68717922978802,66.20703593944904,41.16732252012701,466
1921,5,62.28937929624833,74.50627063144344,50.07248796105323,471
1921,6,72.89848012958963,85.18258661299971,60.614373646179544,463
1921,7,76.9070952581066,89.56643349133809,64.24775702487509,468
1921,8,73.13332898321947,85.61807152695529,60.64858643948366,469
1921,9,69.00953183946183,81.40727383358231,56.61178984534135,467
1921,10,55.914870506974445,69.47069459788007,42.35904641606882,460
1921,11,42.314838239620265,52.9271805170746,31.702495962165916,462
1921,12,34.7266043335298,44.66090495557786,24.792303711481726,460
1922,1,27.124615515813545,37.438813333933496,16.81041769769359,466
1922,2,32.00578597366083,42.700559731566706,21.311012215754957,477
1922,3,41.955042268054754,52.60855169360441,31.3015328425051,480
1922,4,52.54117261557276,64.0285264993555,41.053818731790024,478
1922,5,63.509980339301514,75.58210549236658,51.43785518623645,477
1922,6,71.79664274011992,84.4321377160944,59.16114776414545,476
1922,7,73.4269935156294,85.77992273508545,61.0740642961734,472
1922,8,73.76132643648806,86.70275099903785,60.81990187393829,465
1922,9,68.69458210528317,82.47356713754667,54.915597073019676,465
1922,10,56.68154626073874,70.27473906587574,43.08835345560177,469
1922,11,44.21529333212398,54.150830158694326,34.27975650555363,470
1922,12,33.07743881121457,43.123233071392875,23.03164455103626,471
1923,1,33.85648135532772,43.757732874588115,23.95522983606733,468
1923,2,28.41004072184977,39.2573802882995,17.562701155400042,473
1923,3,38.11699041632954,50.165022585838024,26.068958246821065,470
1923,4,50.915606027466254,63.28188095304856,38.54933110188395,473
1923,5,60.20947502012113,72.62708057863223,47.791869461610034,471
1923,6,70.4705055556747,82.16318611368631,58.777824997663124,477
1923,7,74.75062905103218,87.24126270051613,62.25999540154824,469
1923,8,72.101088034203,84.62495190780606,59.57722416059993,472
1923,9,66.26121788913754,78.20609691021285,54.316338868062225,477
1923,10,52.40977682969247,64.19952584849007,40.620027810894854,472
1923,11,43.67808815680118,54.696833062349604,32.65934325125276,476
1923,12,38.38283432807101,48.00500899060671,28.760659665535304,465
1924,1,25.212285867124358,36.38591402721413,14.038657707034588,466
1924,2,33.066174053111155,43.29483862467617,22.837509481546146,474
1924,3,37.57508170641734,47.014611860197476,28.135551552637203,473
1924,4,51.71705926338546,64.18411957647314,39.24999895029777,467
1924,5,57.52394182754119,70.16252355583735,44.88536009924501,478
1924,6,69.15891188327323,81.37400821992533,56.943815546621146,477
1924,7,72.08743279100369,85.04947787659684,59.12538770541055,471
1924,8,72.97382446862694,85.97013017610904,59.977518761144815,470
1924,9,62.72955741131363,75.31894036810557,50.14017445452169,473
1924,10,57.148836612418386,70.99480715221601,43.30286607262076,471
1924,11,43.30759376105387,55.01019535002869,31.604992172079054,463
1924,12,27.289388222880557,37.23178629724995,17.346990148511164,459
1925,1,28.113740628599714,38.494321176516394,17.73316008068303,468
1925,2,37.353183262964926,48.30981709255495,26.396549433374904,472
1925,3,44.614043200402406,57.49852903152202,31.72955736928279,465
1925,4,56.34137200529909,69.44347164952009,43.239272361078086,467
1925,5,59.81754128860293,73.58557160091802,46.049510976287856,469
1925,6,71.84869499308496,84.56674788867907,59.13064209749085,473
1925,7,74.58961335903149,87.58961399311093,61.58961272495206,470
1925,8,73.01588722531781,86.69223500897216,59.33953944166349,468
1925,9,69.57079289527684,81.98223846100325,57.15934732955044,472
1925,10,48.30297506367916,58.54950564196226,38.056444485396064,474
1925,11,41.22912442903386,52.24465365470785,30.21359520335986,472
1925,12,31.32636913256951,40.81592182619124,21.836816438947785,464
1926,1,30.28918283936153,40.1599918497141,20.41837382900896,463
1926,2,36.76591289556845,46.928592364482796,26.603233426654104,463
1926,3,38.18432572237987,49.506132824186544,26.862518620573187,466
1926,4,49.62643154368363,62.62193861930536,36.6309244680619,469
1926,5,63.01579407066192,76.7774664924909,49.254121648832935,468
1926,6,68.29323762844778,81.4365380252754,55.149937231620164,475
1926,7,74.59569479689429,87.77241147484187,61.41897811894669,472
1926,8,73.92544057997738,86.11013783884714,61.740743321107594,475
1926,9,65.71635108336332,77.10792592334803,54.324776243378615,478
1926,10,55.213176593260734,66.93603823100216,43.490314955519295,476
1926,11,39.95889466530822,50.2620604593015,29.655728871314945,469
1926,12,30.799942477117707,40.17634678854937,21.423538165686054,472
1927,1,30.36085609497562,40.271743261317205,20.449968928634025,468
1927,2,38.04822831103847,48.21720556161062,27.87925106046633,473
1927,3,43.33345635391331,54.00894717662157,32.65796553120505,473
1927,4,52.60255312025915,63.99226805802095,41.21283818249735,469
1927,5,60.795919566090156,72.38327769974329,49.20856143243703,470
1927,6,67.92966928148235,79.70620212671207,56.153136436252616,468
1927,7,73.41027710763679,86.30997591098233,60.51057830429125,472
1927,8,69.56499449578065,82.06358637583355,57.066402615727746,470
1927,9,67.32914748383064,79.91525897597835,54.74303599168294,468
1927,10,57.515417016235446,71.14328510176229,43.88754893070861,470
1927,11,44.89010394175221,55.18343961020642,34.596768273298,467
1927,12,28.750457453341678,39.14181484051331,18.35910006617004,466
1928,1,31.581230260209107,42.03658449443172,21.125876025986493,470
1928,2,34.07622531830771,44.53012585556691,23.622324781048526,474
1928,3,42.871662118131525,54.57147594593466,31.171848290328395,468
1928,4,48.570239756790116,60.750933285245324,36.38954622833491,477
1928,5,62.291127742604836,75.79833572974715,48.78391975546252,477
1928,6,66.50653047586538,77.9152828977754,55.09777805395536,474
1928,7,74.34530514278242,86.49209036415822,62.19851992140662,470
1928,8,73.52922323887474,86.08697815608706,60.971468321662435,465
1928,9,63.46255440338991,76.8840029060664,50.04110590071344,464
1928,10,56.49665008649469,68.69364230616847,44.2996578668209,471
1928,11,43.03749083595848,52.87091231429515,33.20406935762181,466
1928,12,34.17398247276631,44.11740819455002,24.23055675098259,470
1929,1,24.66278140072101,35.18021274202727,14.145350059414746,469
1929,2,25.951281469877642,36.462024263112774,15.440538676642506,470
1929,3,44.90690537130185,56.21204001550529,33.60177072709842,480
1929,4,53.21788666434744,64.96536957000306,41.47040375869181,476
1929,5,59.84522745228349,72.10631571958905,47.58413918497793,475
1929,6,68.62474613999446,81.2938234676364,55.95566881235253,476
1929,7,74.58422585700073,87.31808127691136,61.850370437090106,474
1929,8,72.92960614352246,86.51746061111024,59.341751675934674,474
1929,9,64.84494380282962,77.00272809777755,52.687159507881695,477
1929,10,54.388829462541494,66.45068689991919,42.32697202516378,473
1929,11,39.229521104995314,49.125151581201976,29.333890628788637,468
1929,12,33.06366878279992,42.84157152903921,23.28576603656064,473
1930,1,23.592497305595305,33.635503249663174,13.549491361527432,472
1930,2,40.09592402882692,51.26730460667566,28.92454345097818,474
1930,3,40.80300820834284,52.589755713935986,29.016260702749697,480
1930,4,54.72016831799032,67.8917317938316,41.54860484214906,476
1930,5,61.57813992394487,73.69435436629419,49.46192548159554,478
1930,6,69.89482262937791,83.02926816456646,56.76037709418937,479
1930,7,76.78108985710364,90.88922656417863,62.67295315002866,480
1930,8,74.30227718975244,87.93188088170744,60.67267349779745,478
1930,9,67.65027931969338,80.66942369610697,54.63113494327977,481
1930,10,52.790320619973095,64.3863795858692,41.194261654076996,483
1930,11,43.024788315913014,54.20095865810913,31.848617973716895,480
1930,12,31.88683161397853,40.94098590573871,22.832677322218352,481
1931,1,33.7207714757525,44.17800312621756,23.263539825287435,488
1931,2,38.35400935451669,49.064292133654476,27.643726575378903,485
1931,3,39.36222234492214,49.67236612084228,29.052078569001992,483
1931,4,52.403583348199504,65.49959200740605,39.30757468899296,486
1931,5,60.11355755836376,73.14038339849145,47.08673171823607,486
1931,6,72.86812004252278,85.89917323752528,59.8370668475203,484
1931,7,77.1509927724549,90.49997024795745,63.80201529695235,484
1931,8,73.13195566858774,86.07435766796449,60.18955366921098,482
1931,9,70.68225577472083,83.62312888154436,57.74138266789728,482
1931,10,58.36741408786766,70.77030810185775,45.964520073877566,478
1931,11,46.796508886981236,57.53108461533264,36.06193315862984,486
1931,12,38.02017109479039,46.767044244532606,29.273297945048164,482
1932,1,33.52143653256814,42.56593945283337,24.47693361230291,486
1932,2,36.947169315205315,47.61671974852545,26.277618881885186,487
1932,3,36.542625668372686,47.151088725797756,25.934162610947624,487
1932,4,52.5959373752944,64.96590724824583,40.225967502342975,486
1932,5,62.31405317405068,75.19306424619552,49.435042101905836,486
1932,6,71.29470122942192,83.5944241949007,58.99497826394314,486
1932,7,75.56204654547254,88.53462234203958,62.589470748905505,478
1932,8,73.9330664138863,86.7578567403137,61.10827608745888,483
1932,9,65.51063691101191,78.9899738619086,52.03129996011524,482
1932,10,53.63856450162624,65.75575136863507,41.52137763461742,480
1932,11,40.406364165640724,51.63868984243686,29.174038488844584,482
1932,12,30.611161901358873,40.570239549558956,20.652084253158783,483
1933,1,36.763912827936316,47.261361462486555,26.266464193386074,488
1933,2,30.314520446658367,41.68949519762459,18.93954569569215,486
1933,3,41.621909696768775,52.37020272593007,30.87361666760749,487
1933,4,51.51396394428617,63.55651723363435,39.47141065493799,486
1933,5,62.49335701589979,74.08800420876403,50.898709823035546,485
1933,6,74.49238761598602,88.7358869391854,60.24888829278663,486
1933,7,75.99577235900328,89.13099836382312,62.860546354183455,484
1933,8,72.65032155733292,85.30194503673148,59.99869807793436,485
1933,9,69.83060670886063,82.53335342859857,57.12785998912268,484
1933,10,54.97211416221803,68.05975548457435,41.8844728398617,483
1933,11,42.47964477514902,54.18501961575411,30.774269934543923,482
1933,12,35.722514191316954,46.16018419793208,25.284844184701832,473
1934,1,34.75899651668741,44.72831326343135,24.789679769943472,480
1934,2,31.073550944308636,42.54846628132782,19.598635607289452,481
1934,3,40.92954466165344,53.47634898433215,28.38274033897474,484
1934,4,53.688785381913235,66.76917247335072,40.60839829047575,481
1934,5,66.47254612966212,80.9602154115752,51.98487684774902,480
1934,6,73.91845107622864,87.3641491174386,60.472753035018656,478
1934,7,78.28168227990844,92.0127443678512,64.55062019196566,478
1934,8,74.41676781556141,87.57149224952838,61.26204338159446,480
1934,9,64.8158016879026,77.17590358453327,52.45569979127195,480
1934,10,57.48968929286526,70.42995327005578,44.54942531567474,481
1934,11,46.36437451474852,56.742278485177685,35.98647054431935,481
1934,12,31.492459772564768,40.67820729661286,22.30671224851667,479
1935,1,30.254286720618396,40.45418120863069,20.054392232606094,479
1935,2,35.202840123244805,45.23801138812576,25.167668858363857,480
1935,3,45.272614848436774,56.51245397683595,34.0327757200376,480
1935,4,50.27884168666583,61.057499893381404,39.50018347995024,483
1935,5,58.2161347321773,69.30680766245732,47.12546180189728,483
1935,6,68.21883081970199,80.03680884035602,56.40085279904798,477
1935,7,77.42873389641676,89.93039920993577,64.92706858289775,485
1935,8,74.44770538642643,87.03101342672193,61.86439734613095,482
1935,9,65.94133103900889,79.0112512195276,52.87141085849017,480
1935,10,54.72911305797719,67.62487329161982,41.83335282433454,479
1935,11,40.88554138634536,50.282035278461294,31.48904749422942,474
1935,12,29.467966785744846,38.28796983583713,20.647963735652556,480
1936,1,24.47616936736514,34.10543261358389,14.846906121146388,481
1936,2,21.64604996809481,32.25931711711287,11.03278281907676,482
1936,3,44.08010555340268,55.86240754443083,32.297803562374526,484
1936,4,49.87823005712273,62.33514311814955,37.421316996095904,482
1936,5,65.35974480699919,78.69319857259045,52.02629104140793,479
1936,6,71.51719858095449,85.362552459107,57.67184470280199,480
1936,7,79.08857463289561,93.28579776683907,64.89135149895216,477
1936,8,76.80660750645835,90.48187482751503,63.131340185401655,482
1936,9,68.63428426226676,81.00348607782878,56.265082446704724,481
1936,10,54.44936455971127,66.57351316216354,42.32521595725899,481
1936,11,40.24017654732313,51.75760913725182,28.722743957394446,477
1936,12,35.02166777442566,44.51516445617449,25.528171092676832,484
1937,1,26.578981428298945,36.32163339247346,16.836329464124432,480
1937,2,30.878712448289523,40.95618792863921,20.801236967939836,484
1937,3,38.57100206342315,49.13534974458976,28.00665438225653,486
1937,4,50.97781449853305,62.44525659786538,39.51037239920071,483
1937,5,63.08606768728036,75.85479849226009,50.31733688230063,484
1937,6,70.3343230871939,82.31139898054222,58.35724719384559,487
1937,7,75.61116062873631,88.52838990133712,62.6939313561355,485
1937,8,76.58898435012843,89.52529417690245,63.65267452335439,485
1937,9,66.36912964324453,79.58995424852432,53.14830503796476,485
1937,10,53.74998021626856,65.60041148903579,41.89954894350133,485
1937,11,40.776459334409736,51.37368341068861,30.179235258130873,479
1937,12,31.357190633672804,40.204406888725586,22.509974378620022,482
1938,1,30.666316489441993,40.35432926866084,20.97830371022314,479
1938,2,36.18168949064769,45.94006388453444,26.42331509676095,484
1938,3,46.86712981603474,58.24612964211904,35.488129989950444,482
1938,4,53.28145468120066,65.1753234474683,41.387585914933005,488
1938,5,61.34560494051847,73.00378198843703,49.68742789259992,486
1938,6,69.87455593660522,82.0059651345965,57.743146738613945,483
1938,7,75.42210474717336,87.85909112517979,62.98511836916696,478
1938,8,75.8265108202787,88.91433761536017,62.738684025197244,480
1938,9,67.45517417303178,80.38587324838171,54.52447509768184,484
1938,10,58.488949429758286,72.62689532195573,44.351003537560835,479
1938,11,42.25335820033469,54.01540727030519,30.491309130364176,483
1938,12,33.84604155839361,43.75813186158895,23.93395125519826,482
1939,1,34.380383087930014,44.272536194103694,24.488229981756326,486
1939,2,30.46286267760478,41.89436611611607,19.03135923909349,485
1939,3,42.47072638206527,54.4582649192388,30.483187844891752,485
1939,4,51.308223766907076,63.61171850803324,39.004729025780904,484
1939,5,64.64759455562807,78.12607676880035,51.169112342455804,484
1939,6,71.12132834323975,83.09928582970288,59.143370856776635,487
1939,7,76.0354404707641,89.21987969670404,62.851001244824154,483
1939,8,73.57288928512297,86.72616179717906,60.419616773066885,482
1939,9,69.46764929282995,83.60830020876243,55.32699837689748,487
1939,10,56.33373274279013,69.6983884130148,42.96907707256546,488
1939,11,42.97588852246699,55.26122847985999,30.690548565073982,485
1939,12,37.52843922966861,48.14077034178341,26.916108117553787,483
1940,1,20.434805093604513,29.9479167113663,10.921693475842723,483
1940,2,32.583908934867296,41.51405543719409,23.65376243254051,482
1940,3,39.740975877163976,50.144650861802276,29.33730089252567,487
1940,4,50.55615097218861,62.206234897222956,38.906067047154266,487
1940,5,60.89452689329847,74.05362567927929,47.73542810731766,486
1940,6,70.76891772928903,83.38662270845296,58.15121275012508,489
1940,7,75.47866043764466,88.44613792687558,62.511182948413705,483
1940,8,72.7014185513741,84.65625554089344,60.74658156185476,482
1940,9,66.36208800688587,79.43618840146938,53.28798761230238,485
1940,10,57.5741449176072,71.03048277527311,44.11780705994128,483
1940,11,39.99535530172413,49.99357449949476,29.997136103953515,480
1940,12,35.95801395626921,45.12133957728352,26.794688335254897,477
1941,1,31.446825339879968,40.37404520237168,22.519605477388264,485
1941,2,31.172218543766054,40.95726845941058,21.387168628121533,482
1941,3,38.22645091704175,49.05701558939355,27.39588624468994,482
1941,4,54.957001282979654,66.80828498466623,43.105717581293085,483
1941,5,64.68529549892334,77.76841162739744,51.602179370449214,484
1941,6,70.22578973054027,81.89438311147933,58.55719634960123,483
1941,7,75.46863032345095,88.0946366647055,62.842623982196386,484
1941,8,74.02619772487431,86.848293385719,61.204102064029605,484
1941,9,67.30872733387662,79.81166470832588,54.805789959427386,478
1941,10,57.45765622506047,68.45758991019562,46.457722539925314,480
1941,11,44.11652177444233,55.27788398301137,32.955159565873295,477
1941,12,37.05779675366575,46.34230159166878,27.773291915662725,478
1942,1,29.621862040795193,40.17009571057354,19.07362837101685,487
1942,2,30.17247871675426,39.61179174567711,20.733165687831413,488
1942,3,42.79273442576906,53.7078791525746,31.877589698963526,484
1942,4,55.2799974539643,68.3975829335909,42.1624119743377,481
1942,5,61.03509273761212,73.00696813453055,49.06321734069368,481
1942,6,69.91992966934409,81.41727018966542,58.422589149022755,487
1942,7,75.01746895540079,87.56964774342353,62.46529016737804,484
1942,8,72.81531585360237,84.93808980580016,60.69254190140459,483
1942,9,64.53944816471932,76.83162472949815,52.24727159994048,483
1942,10,55.73551449478742,68.66029774889384,42.81073124068098,484
1942,11,43.99640476604435,55.1787443556733,32.8140651764154,476
1942,12,31.008124869012306,40.13302451897611,21.8832252190485,480
1943,1,28.175983484226105,38.71889206028609,17.63307490816612,481
1943,2,35.17326513815403,47.436314495244126,22.91021578106393,486
1943,3,37.976686341113634,49.97586106858389,25.977511613643376,484
1943,4,52.449666496134455,65.3472020499954,39.5521309422735,483
1943,5,60.86174346841593,72.74772670854436,48.975760228287506,480
1943,6,71.796123651206,83.49471907811586,60.09752822429614,485
1943,7,75.56293785335404,88.36221814648425,62.76365756022384,484
1943,8,74.89358063704206,87.80858142081395,61.97857985327016,478
1943,9,64.1995848496761,77.63738723308379,50.76178246626841,481
1943,10,54.34858913821815,67.59351401353221,41.10366426290408,483
1943,11,40.94686749414468,52.35236474393769,29.541370244351675,481
1943,12,32.39234410008874,42.82048208287145,21.964206117306027,484
1944,1,33.50834359848654,44.240503516906834,22.77618368006625,483
1944,2,34.492878616069625,45.05708433695127,23.92867289518799,482
1944,3,38.29510694044264,48.874456030206595,27.71575785067869,486
1944,4,49.49848109491646,60.77249453997596,38.22446764985696,485
1944,5,64.6908270044591,77.10419568512576,52.27745832379242,479
1944,6,71.22961615659987,83.34332320129836,59.1159091119014,483
1944,7,73.93431646754671,87.28127644326386,60.58735649182955,479
1944,8,73.47451436718023,86.18282565101717,60.76620308334331,479
1944,9,66.48195557193303,78.85867621032872,54.10523493353732,481
1944,10,55.824130630014494,69.65286328554062,41.995397974488384,479
1944,11,43.48078323114738,52.455928632544015,34.50563782975075,483
1944,12,29.63393418294712,39.06254629881866,20.20532206707558,479
1945,1,28.693837247349347,38.14520718655649,19.242467308142203,480
1945,2,34.10894424795573,44.05632955580864,24.16155894010283,477
1945,3,48.489629599178905,60.78626391719655,36.19299528116127,483
1945,4,52.37533759346714,64.30221955990719,40.4484556270271,484
1945,5,58.46288242682873,70.64894153914018,46.27682331451728,482
1945,6,67.0505396927125,78.53037335900339,55.57070602642164,483
1945,7,73.44179773919087,85.9065836443147,60.977011834067085,478
1945,8,73.19507411872132,85.83577555427208,60.554372683170556,480
1945,9,66.32965953445795,78.5131317389328,54.146187329983086,481
1945,10,54.583758883361675,67.59394074015164,41.57357702657171,482
1945,11,43.02411302108014,53.841811108834534,32.20641493332574,479
1945,12,27.820778081064756,36.918200614658126,18.72335554747139,473
1946,1,31.429478965941012,41.7146420041094,21.144315927772617,477
1946,2,34.70609855392662,46.576601552845325,22.83559555500792,475
1946,3,49.11141325951998,60.96262499561988,37.260201523420086,475
1946,4,55.39092472196406,68.53590428112722,42.2459451628009,475
1946,5,59.49748067587882,71.43529169090714,47.5596696608505,478
1946,6,69.89139500556061,82.39178493510298,57.39100507601825,471
1946,7,74.59154226699202,87.31306911262926,61.870015421354786,475
1946,8,71.17226842088012,83.65625975903465,58.68827708272558,469
1946,9,65.47716194187402,78.19287433697102,52.76144954677702,469
1946,10,55.74744683334558,68.22626225981416,43.268631406876985,477
1946,11,43.864331155410376,54.367725222815395,33.36093708800536,474
1946,12,36.17202126591364,46.759857948864905,25.584184582962372,473
1947,1,32.85553824536097,43.00038586015393,22.710690630567996,466
1947,2,28.556526914278347,39.40771089110126,17.70534293745543,467
1947,3,37.4334447130564,47.89874223552855,26.968147190584265,471
1947,4,51.58799282676186,63.030062893041624,40.14592276048211,475
1947,5,59.729584892551394,72.12795877844692,47.331211006655856,475
1947,6,67.86857787117178,79.33985744462818,56.397298297715366,478
1947,7,72.68577847313206,85.55890304189572,59.81265390436838,461
1947,8,77.11331290037802,89.94482874665094,64.28179705410508,465
1947,9,67.61844128394867,80.70881032897043,54.52807223892692,462
1947,10,60.99542902598575,73.5255396067287,48.46531844524281,462
1947,11,38.8405447561016,47.66890961825468,30.012179893948524,461
1947,12,32.495740998651684,42.282147601411985,22.709334395891386,460
1948,1,25.679451418514486,36.17841803663738,15.180484800391596,473
1948,2,30.920618103779972,41.401583011135486,20.439653196424455,476
1948,3,39.875027899179905,51.15408710722184,28.59596869113796,474
1948,4,55.38107309205346,67.8585620138189,42.90358417028801,470
1948,5,61.04498863574265,73.58244253501007,48.507534736475236,476
1948,6,69.8955796662697,82.21995071853675,57.57120861400263,476
1948,7,74.52340790143838,86.96175288495046,62.08506291792629,475
1948,8,73.24947399801682,86.1094396924663,60.389508303567354,479
1948,9,67.52410697819013,81.07756857368997,53.97064538269028,477
1948,10,53.647256075013026,67.42348236708129,39.87102978294476,477
1948,11,43.95289991791149,53.98816095884273,33.91763887698025,475
1948,12,33.15038315312749,43.00246992304589,23.298296383209102,473
1949,1,28.512651790521858,38.164280338573576,18.861023242470136,461
1949,2,32.041919204014064,42.766376196997655,21.317462211030474,464
1949,3,40.925139557200005,51.59654599090591,30.253733123494097,467
1949,4,52.54440722352851,65.35214320228353,39.736671244773504,468
1949,5,63.47699128281705,76.09767906192731,50.85630350370679,471
1949,6,71.65861965702014,83.7520701369597,59.56516917708058,471
1949,7,76.02176911848422,88.03565155209856,64.00788668486989,476
1949,8,73.47475121043264,86.23418413319587,60.71531828766941,477
1949,9,63.18779852493302,76.19902112783285,50.1765759220332,475
1949,10,56.8048778751362,68.73901469331753,44.87074105695488,475
1949,11,45.067941896211664,57.44260092246034,32.69328286996298,481
1949,12,34.12975943705354,44.82585666779918,23.433662206307908,478
1950,1,31.336665010084044,42.28702828967263,20.38630173049546,485
1950,2,33.586755551477054,44.497388038266536,22.676123064687573,479
1950,3,37.97350056730144,49.15504710476644,26.791954029836457,476
1950,4,48.085983437421554,60.0768824924253,36.095084382417795,482
1950,5,61.289961809306824,73.51759509065614,49.062328527957504,477
1950,6,69.55294754405243,82.02134911718474,57.08454597092011,479
1950,7,71.70271953769159,83.67195847167069,59.7334806037125,479
1950,8,70.45714066942342,83.01718153517932,57.89709980366751,476
1950,9,64.55611432895235,76.24703020399805,52.86519845390665,475
1950,10,58.70025282928693,71.74847919809663,45.65202646047723,476
1950,11,40.05240802721698,51.591096343658286,28.513719710775668,474
1950,12,30.091882858508995,40.26187654201222,19.921889175005767,471
1951,1,29.4077020538524,39.926080508129715,18.889323599575096,480
1951,2,33.580961571389835,44.60628068905393,22.55564245372573,481
1951,3,38.23861258861499,49.062472205507994,27.414752971721995,479
1951,4,49.98026093350224,61.438663481398436,38.52185838560604,484
1951,5,62.36998222101502,75.36773701407557,49.37222742795446,482
1951,6,67.81638670938113,79.4975743572412,56.13519906152108,481
1951,7,73.79200507254379,86.09477043563463,61.489239709452946,477
1951,8,72.53413439437517,84.93732077246811,60.13094801628223,481
1951,9,64.23813937739419,76.77316338888373,51.703115365904665,482
1951,10,55.352467614305034,67.23631624857731,43.46861898003276,480
1951,11,37.68586371599104,48.360227187107824,27.01150024487425,481
1951,12,31.012118374212434,41.043142221364754,20.98109452706012,485
1952,1,31.91989108180954,42.21208504813197,21.627697115487113,482
1952,2,35.9799395963935,46.01214683995834,25.94773235282865,482
1952,3,38.35308725074369,48.60532799175691,28.100846509730477,486
1952,4,52.63551095651618,65.29328724075562,39.97773467227674,482
1952,5,61.48470169667832,74.1203012947906,48.84910209856605,478
1952,6,73.47597834417542,86.33287286481132,60.61908382353952,478
1952,7,75.73339270518252,89.10951388584868,62.35727152451637,476
1952,8,73.15845745709987,85.88290489028631,60.43401002391344,482
1952,9,66.55667828398656,81.00268106416176,52.110675503811336,479
1952,10,52.11789107289058,67.48656549634546,36.74921664943569,475
1952,11,42.13754082910194,53.650394667889884,30.62468699031398,475
1952,12,33.79546613268821,42.57608785246793,25.014844412908484,476
1953,1,34.60046329287764,44.365193774028036,24.83573281172725,481
1953,2,35.73950404708432,46.54387063243183,24.93513746173679,481
1953,3,43.59996019723764,54.6688452114689,32.53107518300639,481
1953,4,49.38025619824468,60.967849758625704,37.79266263786366,479
1953,5,61.9207616460461,73.83704126337172,50.004482028720496,481
1953,6,72.50379333770157,85.26623610184835,59.7413505735548,480
1953,7,74.92777967010369,87.80398940202417,62.0515699381832,476
1953,8,73.51315911883457,86.90900412818638,60.117314109482756,481
1953,9,66.90947786386485,81.89033561634876,51.928620111380944,477
1953,10,58.03591550570926,72.60073486518968,43.47109614622883,477
1953,11,44.72334862892866,56.566790616756734,32.87990664110059,482
1953,12,34.27569515172372,44.25890000258737,24.29249030086006,477
1954,1,29.609732295181352,40.42919380794761,18.790270782415096,475
1954,2,41.05424948756688,52.808700758625506,29.29979821650825,481
1954,3,39.4311821356876,50.672496801070395,28.189867470304804,487
1954,4,55.39547388372794,68.35231747412531,42.43863029333057,483
1954,5,58.45412860525477,70.90692361242446,46.001333598085075,483
1954,6,71.39534530343411,83.96093144113448,58.82975916573372,483
1954,7,76.64759966326825,90.12436653575273,63.170832790783756,483
1954,8,73.57849707691507,86.15472514497824,61.002269008851876,479
1954,9,67.83611787507164,81.1909593299073,54.48127642023598,484
1954,10,55.55736028324475,67.45837511516824,43.65634545132124,479
1954,11,44.38035039215331,55.79589730254929,32.96480348175733,481
1954,12,33.716789467110345,43.43086899534937,24.002709938871327,472
1955,1,29.187819313825468,38.874638085370194,19.501000542280746,476
1955,2,30.71157881407035,41.523871999598214,19.899285628542486,482
1955,3,40.736301388880136,52.789182477885475,28.683420299874786,479
1955,4,56.0120897269837,68.82204512699171,43.20213432697571,483
1955,5,63.770166406255186,76.75246555159652,50.787867260913856,483
1955,6,67.65036274837463,79.88026075606885,55.42046474068042,483
1955,7,77.21929330531292,89.6034928321396,64.83509377848624,488
1955,8,75.87852697101846,89.01282210107789,62.744231840959046,483
1955,9,67.33497829015094,80.86458914956212,53.805367430739764,480
1955,10,55.742192206176334,69.03953366362958,42.44485074872309,481
1955,11,38.58487313454409,49.92202217105563,27.247724098032553,485
1955,12,29.867770201650437,39.848057338705146,19.887483064595735,476
1956,1,28.959892360247807,38.83440597961545,19.085378740880163,479
1956,2,32.34669605423193,42.81923896620142,21.874153142262433,480
1956,3,40.04543253090733,52.21158413424769,27.87928092756697,481
1956,4,49.8758751574464,62.613922373803575,37.13782794108922,479
1956,5,62.84108436173999,75.43814132159174,50.24402740188824,484
1956,6,72.0207706606773,85.12661342126222,58.91492790009236,481
1956,7,73.64872196075454,86.05668526578704,61.24075865572204,475
1956,8,73.23044840178815,86.17432129593774,60.28657550763856,477
1956,9,65.23079646335921,79.69419747431468,50.767395452403754,482
1956,10,58.41801895653963,71.84728941334642,44.98874849973285,478
1956,11,41.62797844030565,52.95904984205917,30.29690703855212,479
1956,12,36.76269395111102,46.9516383965863,26.573749505635735,473
1957,1,25.74994201844099,35.77911531009569,15.720768726786282,479
1957,2,36.93640121385106,47.086309170847265,26.786493256854857,480
1957,3,41.08524047831372,51.77814381435277,30.39233714227468,481
1957,4,52.524526049672566,63.86741591824457,41.181636181100565,485
1957,5,61.2218395466393,72.74010359067356,49.703575502605034,483
1957,6,70.07603560231921,81.76103043062456,58.39104077401383,483
1957,7,75.5559948574668,88.16789593073196,62.94409378420165,485
1957,8,72.84161161922758,85.66794405040085,60.01527918805428,485
1957,9,64.82747681623931,77.30992368426593,52.34502994821271,480
1957,10,52.460900671887664,63.301578914446694,41.620222429328635,479
1957,11,41.79794496084906,51.2476979191146,32.348192002583524,476
1957,12,37.2058683220909,47.56130341238256,26.850433231799244,479
1958,1,30.64495990566919,40.22696729356797,21.06295251777041,482
1958,2,28.307300317661188,38.440071273349865,18.174529361972507,481
1958,3,38.20475363453758,47.07500635298186,29.334500916093315,476
1958,4,51.92091573648771,63.85385722291454,39.98797425006087,485
1958,5,63.02382936795096,76.28875977975346,49.75889895614846,479
1958,6,68.24571027356941,80.40434679940654,56.087073747732305,477
1958,7,73.13920952571155,84.6167323230824,61.66168672834069,476
1958,8,73.75799909469649,86.64356098179839,60.872437207594594,476
1958,9,66.42901831433555,78.87912879471713,53.97890783395399,481
1958,10,55.79563211735596,69.15146015092691,42.439804083785006,481
1958,11,44.52025137221631,56.09698784241855,32.94351490201406,477
1958,12,29.543915159610048,40.31354791107559,18.774282408144508,478
1959,1,27.03396762472957,37.829899662485694,16.23803558697345,484
1959,2,31.251446944721945,41.945127347652345,20.55776654179154,484
1959,3,41.12462689948977,52.998557697763594,29.250696101215947,483
1959,4,52.50108331043793,65.20669095263985,39.795475668236,483
1959,5,63.52506961815087,75.41920084238025,51.63093839392149,483
1959,6,71.1881976946497,83.74699092501369,58.62940446428571,480
1959,7,74.01756759550925,86.86733537856942,61.16779981244907,479
1959,8,75.3713038037466,87.62893800802622,63.113669599466974,482
1959,9,66.27715279334821,78.3807953767747,54.173510209921716,482
1959,10,53.63294882439796,64.63091068958704,42.63498695920889,482
1959,11,38.13916086864687,49.60527158892508,26.673050148368656,479
1959,12,36.56844438674744,45.870020885111884,27.26686788838299,479
1960,1,29.413567906522932,38.32890282980082,20.498232983245046,483
1960,2,29.594942385204575,38.9114725711451,20.278412199264054,483
1960,3,31.999958090614353,42.82001280048819,21.179903380740505,480
1960,4,53.91921124863164,66.38782010262726,41.450602394636014,480
1960,5,60.48790398379262,72.99696837170151,47.97883959588373,479
1960,6,69.35783097161759,81.72414271058052,56.99151923265465,479
1960,7,73.85904879698786,86.84929449035378,60.86880310362197,483
1960,8,73.47404489228774,85.86429359020292,61.08379619437255,483
1960,9,67.37200473719527,80.02990873557955,54.714100738811,480
1960,10,55.673324483311234,68.3114423669258,43.03520659969665,480
1960,11,43.76739895084339,55.349639820597545,32.18515808108925,486
1960,12,29.67099756456255,40.0425773984333,19.299417730691797,484
1961,1,27.89391996335783,39.24840395942707,16.539435967288593,487
1961,2,36.43218921282865,47.34482547882139,25.51955294683592,487
1961,3,43.616374408313234,54.05451531107852,33.178233505547944,484
1961,4,48.516161201728714,60.20792803685257,36.82439436660486,487
1961,5,59.17849110380774,71.60656805610355,46.75041415151191,488
1961,6,69.87511776954615,82.76258141387372,56.987654125218576,481
1961,7,73.75942417833949,86.15485560716714,61.36399274951186,479
1961,8,73.41710361064848,85.84747735046652,60.98672987083043,482
1961,9,65.61296815565967,77.74632752168614,53.4796087896332,481
1961,10,55.50036627844667,68.69165506695782,42.30907748993553,482
1961,11,42.19475019322898,52.29725109500762,32.092249291450344,485
1961,12,30.308093083635654,39.64842633111827,20.96775983615304,478
1962,1,25.662721119734584,36.125165120011616,15.200277119457548,484
1962,2,32.8312620833501,43.17223472158589,22.4902894451143,487
1962,3,37.595205525739665,48.07550551115502,27.11490554032431,487
1962,4,51.666438159698195,64.4192341645293,38.91364215486708,484
1962,5,65.44048410397475,77.85900187534915,53.02196633260037,486
1962,6,69.45704638635098,81.40500047977187,57.5090922929301,486
1962,7,72.73168022426388,84.95901466221352,60.504345786314225,487
1962,8,72.93054925549379,86.1768882865123,59.68421022447529,488
1962,9,64.02947683502197,76.47548967235892,51.583463997685,488
1962,10,57.022323455161235,69.08006769827968,44.9645792120428,489
1962,11,43.20302769173473,53.69440477240025,32.711650611069224,485
1962,12,31.537331397555555,42.05905628576978,21.015606509341335,483
1963,1,22.2960881150839,33.05023896775556,11.54193726241224,488
1963,2,30.120851306070982,42.002917064492884,18.238785547649073,488
1963,3,44.31726610529222,56.4176744525825,32.21685775800193,484
1963,4,53.759433302353486,66.32363082048266,41.195235784224295,486
1963,5,61.5868449012206,74.17468671013967,48.99900309230155,487
1963,6,71.08603121416458,83.66476318743439,58.507299240894774,488
1963,7,74.4863800256645,87.04779208979728,61.92496796153172,485
1963,8,72.51358555390917,85.09465639852276,59.93251470929556,489
1963,9,66.50334989024995,79.34053006409673,53.66616971640316,487
1963,10,61.25901017362684,75.80515684191528,46.71286350533842,486
1963,11,45.30178362851541,56.57068559780811,34.03288165922272,483
1963,12,25.162216462515673,35.06795591011618,15.256477014915161,480
1964,1,32.01306749038835,43.1909363611685,20.835198619608207,480
1964,2,31.824021313488554,43.0791634668014,20.56887916017571,486
1964,3,39.17718072449427,51.059015924051344,27.295345524937193,484
1964,4,52.940375094121876,64.84426069364771,41.03648949459605,491
1964,5,64.10201649955525,76.96336822858177,51.24066477052871,487
1964,6,70.1469157229618,82.6217307089227,57.672100737000896,488
1964,7,75.61215021425977,88.21545721758625,63.00884321093331,481
1964,8,71.25815655365466,83.77472940395971,58.741583703349605,484
1964,9,64.90878594472403,77.50103668442321,52.31653520502486,484
1964,10,53.531954516907085,67.50903615215834,39.55487288165581,482
1964,11,44.26293953596691,55.64003473301124,32.885844338922574,480
1964,12,31.338470159334673,40.87473154689683,21.802208771772516,483
1965,1,29.511873692885096,40.214206093230565,18.80954129253963,485
1965,2,30.648980380225833,42.13553265068265,19.162428109769017,484
1965,3,34.48584116321034,44.8827111979772,24.08897112844347,484
1965,4,52.470975987853144,64.08989423234812,40.85205774335817,480
1965,5,64.0658088022432,76.68972989169666,51.441887712789736,479
1965,6,68.72707605564041,80.57683444306103,56.87731766821979,483
1965,7,73.28329033197052,85.65723668425976,60.90934397968127,486
1965,8,72.04738934062027,84.53019970459984,59.56457897664071,484
1965,9,63.55385210212004,74.60522877837732,52.50247542586274,479
1965,10,55.28473805194196,68.3741458198704,42.19533028401351,480
1965,11,44.85226599614002,55.810092948157596,33.894439044122436,479
1965,12,36.82194333898468,46.57613333759161,27.067753340377763,479
1966,1,24.4073147479028,34.30469731048286,14.509932185322743,483
1966,2,30.852692229145426,41.20403730674823,20.501347151542614,485
1966,3,43.280924095040305,55.4334183178118,31.128429872268807,486
1966,4,50.12480619542465,61.85452226313018,38.395090127719115,486
1966,5,60.08056242499418,73.33918419066798,46.821940659320376,482
1966,6,69.63269669778357,82.60413906788048,56.661254327686635,488
1966,7,76.48603751336807,89.34897628831546,63.623098738420715,484
1966,8,71.38274248562105,83.81460042142726,58.950884549814845,486
1966,9,64.56061189000843,77.00490365963884,52.11632012037802,488
1966,10,53.515903665851646,67.06951896383293,39.96228836787036,486
1966,11,43.364189581026864,54.44435575982259,32.28402340223114,485
1966,12,31.925079630586048,41.41676970056862,22.433389560603473,481
1967,1,32.20213230616512,42.64830485804003,21.75595975429021,482
1967,2,29.982206669113527,41.70622464771361,18.258188690513443,481
1967,3,43.36172686878844,55.30802708608945,31.41542665148743,482
1967,4,53.11246232171695,65.06683922566462,41.15808541776927,484
1967,5,58.09393257699345,70.49378441656418,45.69408073742271,488
1967,6,69.42895260862375,81.05028269778332,57.80762251946418,485
1967,7,72.46130612217111,84.69979776865252,60.22281447568973,486
1967,8,70.93308880774703,83.84624566258175,58.0199319529123,486
1967,9,63.917498781038844,76.95895590071737,50.876041661360325,485
1967,10,54.20625437605927,66.78247889395298,41.630029858165564,484
1967,11,40.73809525747691,51.27196773518996,30.20422277976385,479
1967,12,33.24486311004266,42.710280906966254,23.77944531311905,474
1968,1,27.487909496539938,37.63219576213356,17.343623230946317,479
1968,2,29.93034356965944,40.87584303685415,18.98484410246473,483
1968,3,44.32780796469734,57.26130649676024,31.394309432634444,479
1968,4,52.75319494962518,65.54575008183974,39.960639817410616,482
1968,5,58.9602198032468,71.05596709301989,46.86447251347372,482
1968,6,70.23019660106169,82.52172842431247,57.93866477781092,479
1968,7,73.83855610190776,86.17900978920582,61.498102414609704,480
1968,8,72.69108699732611,84.74634324064483,60.63583075400737,483
1968,9,65.07195571779964,77.90525579517472,52.23865564042454,477
1968,10,55.522257425475445,67.91553575274598,43.12897909820491,481
1968,11,41.72806409736614,51.148436774851845,32.307691419880435,486
1968,12,29.5331225262837,39.02858385386309,20.037661198704313,486
1969,1,26.60785978590925,35.85861793309102,17.35710163872747,482
1969,2,31.86322293276722,40.90548289822235,22.820962967312084,485
1969,3,35.2911090591109,46.5233658925359,24.05885222568591,486
1969,4,53.539862293387515,66.0019410912393,41.07778349553573,486
1969,5,62.379331885172114,75.1362622760337,49.622401494310516,487
1969,6,67.8207026414191,79.7577618246183,55.88364345821989,487
1969,7,75.00778016097144,86.84100549368138,63.17455482826147,487
1969,8,73.50431589367976,86.56075021198274,60.4478815753768,485
1969,9,65.97131244552538,78.27991350398135,53.662711387069415,490
1969,10,52.341204347782394,63.555793231883506,41.12661546368128,489
1969,11,41.74569926719049,52.997415312326126,30.49398322205485,484
1969,12,31.562679459104867,40.570274226157295,22.55508469205245,483
1970,1,23.731021922986283,33.85456311629132,13.607480729681242,483
1970,2,32.82080953421523,44.778312996383896,20.863306072046562,489
1970,3,38.07674459415321,48.560497294507016,27.592991893799407,487
1970,4,51.861001620984375,63.96155827228973,39.76044496967903,489
1970,5,63.167782132680834,76.03450920864954,50.30105505671214,488
1970,6,70.17965902173829,82.42783768924015,57.93148035423643,490
1970,7,74.76184525477483,87.62328553380745,61.9004049757422,486
1970,8,74.04342379988611,86.89510490898688,61.19174269078532,482
1970,9,66.49454007140857,78.90175352391832,54.08732661889882,483
1970,10,54.089735803641716,65.44530180870147,42.734169798581966,479
1970,11,41.63952608169162,51.46964944866384,31.809402714719408,489
1970,12,33.051760723815775,43.30265679263281,22.800864654998744,488
1971,1,26.37350132346132,36.53743597706914,16.2095666698535,487
1971,2,31.29687828719006,41.6469240167916,20.94683255758853,488
1971,3,38.65745830107418,49.709878052688225,27.605038549460126,485
1971,4,51.528691942954545,64.98012244589158,38.0772614400175,485
1971,5,59.29467176916133,72.08814097603694,46.50120256228573,488
1971,6,72.18884633413747,84.59850941569192,59.779183252582996,486
1971,7,72.56053762210047,85.01066274630817,60.11041249789278,482
1971,8,72.47723715285119,85.43417789968652,59.52029640601587,484
1971,9,66.54255119767068,78.64584566553248,54.43925672980888,485
1971,10,58.22779240320799,69.85278832812256,46.60279647829342,489
1971,11,42.373292512336064,52.71563086731631,32.030954157355815,486
1971,12,35.22163009081623,44.2250719578801,26.218188223752364,482
1972,1,28.296350467733,39.041153402232396,17.551547533233602,483
1972,2,30.864736462577188,42.15568122508605,19.573791700068334,483
1972,3,42.027672104644374,53.98428735771665,30.07105685157211,482
1972,4,51.04651011989578,63.25902916785409,38.83399107193746,484
1972,5,62.12557560888128,74.49714211323068,49.75400910453186,486
1972,6,68.89095102559405,81.47957432249046,56.302327728697634,484
1972,7,72.93857831683238,84.94676832090867,60.930388312756065,483
1972,8,72.66830643669962,84.8032716157086,60.53334125769064,484
1972,9,65.95337171382042,77.85157225801883,54.055171169622,487
1972,10,52.44977579643358,63.68659392423604,41.21295766863113,483
1972,11,39.765071450623566,47.6673850889445,31.86275781230264,484
1972,12,29.455403260414556,38.36352375995176,20.54728276087735,481
1973,1,29.557814248995218,39.11544685998361,20.00018163800683,481
1973,2,32.54487117178354,42.7323498734942,22.357392470072885,485
1973,3,46.22552369757921,55.899581475735594,36.551465919422824,485
1973,4,50.34154817401762,61.37048330679752,39.31261304123772,476
1973,5,59.70946625031677,72.01061019536789,47.40832230526565,485
1973,6,70.98148680833481,83.18764670961222,58.775326907057384,479
1973,7,74.48749408156573,86.57911572847371,62.39587243465775,482
1973,8,74.00028037298007,86.3733414753014,61.62721927065873,483
1973,9,65.80516833084643,77.10054280640902,54.50979385528384,482
1973,10,57.80580498969131,70.16257342837335,45.449036551009286,483
1973,11,43.779828989822036,53.59052664393078,33.969131335713286,475
1973,12,31.81270110776834,41.068166775737424,22.557235439799264,476
1974,1,29.956896347164143,39.297726625365065,20.616066068963224,484
1974,2,33.36474836433386,44.680640930182115,22.04885579848562,489
1974,3,43.99129294937171,55.22284383426056,32.759742064482865,488
1974,4,53.09781367252493,65.69048152653596,40.505145818513896,487
1974,5,61.073912704325664,72.77543879447808,49.372386614173266,485
1974,6,68.37796671444497,80.98304953541022,55.77288389347974,483
1974,7,75.67368719486811,88.78212546965052,62.56524892008571,486
1974,8,71.26510675126558,83.40947679616413,59.120736706367026,483
1974,9,62.39158484029033,75.25836370724365,49.524805973337,484
1974,10,54.21941051841111,67.6480862686936,40.79073476812861,480
1974,11,42.8743062667925,53.20324832000481,32.54536421358019,479
1974,12,33.48916494379201,42.60626639345485,24.372063494129172,478
1975,1,31.47030484419759,41.659786621487314,21.28082306690786,481
1975,2,31.363022080829776,41.03727395688165,21.6887702047779,481
1975,3,37.50771239468043,48.06659905574972,26.94882573361114,483
1975,4,48.05673079880782,59.21798466664104,36.895476930974596,483
1975,5,63.28535600734299,75.63298004888584,50.93773196580015,487
1975,6,69.45806412453113,81.06371153042004,57.852416718642246,483
1975,7,74.66397960751455,87.08672637545949,62.24123283956958,487
1975,8,73.48072270513607,85.67747276016131,61.28397265011084,481
1975,9,62.96803762166535,75.27556491686128,50.66051032646942,483
1975,10,56.111593858030254,69.36930407941229,42.853883636648234,480
1975,11,44.370709125669485,55.50633979356362,33.23507845777535,482
1975,12,33.325489984062735,42.911551646326416,23.739428321799057,474
1976,1,27.618481856428346,38.80346230937468,16.43350140348202,483
1976,2,38.98786292162658,51.019856963851936,26.95586887940122,483
1976,3,43.3085528122487,55.06733292098739,31.549772703509998,483
1976,4,53.65845524923065,66.59683080411149,40.7200796943498,478
1976,5,59.54101904433838,72.46917710466465,46.612860984012116,484
1976,6,69.7398896906956,82.49874628565179,56.98103309573943,485
1976,7,74.1040876577636,86.91418378036606,61.29399153516117,482
1976,8,71.90951703290895,85.20999392952078,58.60904013629712,484
1976,9,64.80986281505673,78.30747446504911,51.312251165064346,485
1976,10,50.0057416538688,62.541438160665116,37.47004514707249,483
1976,11,37.11326650866089,48.93851645187348,25.28801656544831,483
1976,12,28.565120207411944,40.57585798591241,16.554382428911477,481
1977,1,18.840984781972804,29.289581968367454,8.392387595578148,481
1977,2,33.67170302557558,45.84630500690632,21.49710104424485,477
1977,3,44.90887025191665,56.4367119201037,33.381028583729616,484
1977,4,55.85184874871397,69.14412608594249,42.55957141148545,482
1977,5,65.18951869792724,77.876086839786,52.5029505560685,483
1977,6,70.9700839271352,83.70570884295199,58.2344590113184,487
1977,7,76.02013692651519,88.7257834792285,63.31449037380189,484
1977,8,72.11574895039693,84.00827826364666,60.22321963714721,483
1977,9,66.7761128896977,78.07082760273641,55.48139817665897,486
1977,10,53.61501958690874,65.91666170668026,41.31337746713721,480
1977,11,43.033232439344665,52.78817079322975,33.278294085459564,480
1977,12,30.70084098802667,40.19631595409333,21.205366021960007,475
1978,1,22.096655625272483,31.292314137961593,12.900997112583376,480
1978,2,23.830002330851517,34.04425800160588,13.61574666009715,480
1978,3,39.04623902482844,50.26480360402377,27.827674445633118,481
1978,4,52.184054177771905,63.920148388533136,40.44795996701068,476
1978,5,61.08664633746465,72.8250919608364,49.3482007140929,482
1978,6,70.22987280475283,82.9475586629329,57.51218694657277,482
1978,7,74.35332738309488,86.70972214338902,61.99693262280073,484
1978,8,73.0691521666568,85.63179049784102,60.506513835472596,477
1978,9,68.00526876844658,80.75450417482422,55.25603336206896,480
1978,10,54.036596448666685,67.77675830677136,40.29643459056201,477
1978,11,42.47208084613951,53.0077371203214,31.936424571957616,467
1978,12,29.7943843309635,39.97157246328839,19.617196198638606,476
1979,1,19.63111283164138,28.96637075144374,10.295854911839026,480
1979,2,24.072354490599302,34.594112190506586,13.550596790692019,482
1979,3,41.3944566621977,52.122260549047205,30.66665277534818,476
1979,4,50.49308451680982,61.73089876894657,39.255270264673065,480
1979,5,60.338987567680846,72.56860815813322,48.10936697722848,474
1979,6,69.27791465887302,81.92085328787216,56.63497602987388,477
1979,7,73.61951892166499,85.37824990899131,61.86078793433866,471
1979,8,72.09975704754896,83.86934517849429,60.33016891660363,466
1979,9,66.51714040108516,79.85489102899238,53.17938977317791,473
1979,10,54.9503958904017,67.68691469425107,42.21387708655232,470
1979,11,41.32432941592675,51.79349886393951,30.855159967913995,482
1979,12,35.739042046546395,46.46350685980593,25.01457723328685,478
1980,1,29.77650371375325,38.77629622786825,20.77671119963825,470
1980,2,29.161112053608825,39.2913359651649,19.030888142052746,475
1980,3,38.37125729940542,49.0907800857905,27.651734513020344,477
1980,4,52.10388917927914,64.81543171963746,39.39234663892082,476
1980,5,62.13728190551761,74.87694881485281,49.3976149961824,479
1980,6,69.792040906083,82.5229546769431,57.061127135222904,477
1980,7,76.98755606847485,90.25922116269632,63.71589097425334,478
1980,8,74.64477338341577,87.22040177390511,62.0691449929264,475
1980,9,67.30429197917938,80.18183828015874,54.42674567820003,478
1980,10,52.46350653411446,65.3472366761884,39.579776392040515,476
1980,11,42.67719729733458,53.851405945463625,31.50298864920553,467
1980,12,32.98682648067652,43.53718377908792,22.436469182265114,474
1981,1,29.42775999216499,40.678265038208345,18.17725494612164,479
1981,2,35.09187704328583,46.7541067324282,23.429647354143444,480
1981,3,42.78680855275534,54.96516002549468,30.608457080015985,480
1981,4,56.56010308908376,69.38276700643654,43.73743917173098,478
1981,5,59.760331106546786,72.02622541701979,47.49443679607378,480
1981,6,71.2851204984075,83.31930158076769,59.2509394160473,482
1981,7,74.71612764508598,86.46452117422616,62.96773411594579,485
1981,8,72.33010340476659,84.4332897632525,60.22691704628067,485
1981,9,65.01990708216164,77.97614348577012,52.06367067855315,475
1981,10,52.497961102069006,64.11997813632063,40.875944067817386,478
1981,11,44.59124474009958,55.73792892624133,33.444560553957835,475
1981,12,31.2184423468203,40.362549543720974,22.074335149919623,473
1982,1,22.263483885642888,32.96936663795446,11.557601133331316,477
1982,2,30.426632397060303,40.79121130574852,20.062053488372094,473
1982,3,41.23836889871268,51.86414013473884,30.61259766268653,482
1982,4,48.87066667765594,61.10627513757117,36.63505821774071,477
1982,5,63.37448451156896,75.31491873992402,51.43405028321388,480
1982,6,66.95971095641977,78.65874408095098,55.26067783188856,486
1982,7,74.52939226693765,86.51053288390487,62.5482516499704,479
1982,8,72.09965805346174,84.06080963665633,60.13850647026717,483
1982,9,64.60039961959497,76.41691726122058,52.78388197796935,480
1982,10,54.50632155612362,66.69158872861053,42.32105438363672,484
1982,11,41.89752090759381,51.84686788471357,31.948173930474045,476
1982,12,36.55869219893366,45.60019337660452,27.51719102126281,481
1983,1,31.287633870135856,39.88053041251404,22.694737327757675,480
1983,2,35.714024550561774,45.086898805673094,26.34115029545047,487
1983,3,42.09792072409591,51.564796870588204,32.63104457760361,484
1983,4,47.761819913966484,58.396449815056684,37.127190012876284,479
1983,5,58.74200923433831,70.75727627210802,46.72674219656861,479
1983,6,68.9904085676366,81.05951254485412,56.921304590419105,477
1983,7,76.06836773085293,88.72743656084754,63.409298900858325,481
1983,8,76.86432059551305,89.83921225437288,63.88942893665319,478
1983,9,66.27314738300326,79.56574813427252,52.98054663173401,477
1983,10,55.24254923733419,66.77077855418715,43.71431992048124,476
1983,11,43.503216610196134,52.93272255380259,34.07371066658967,479
1983,12,22.65577309542335,31.182778770783646,14.128767420063049,472
1984,1,26.302423902709023,36.03895840182569,16.565889403592358,476
1984,2,37.26364017154921,47.92623981258386,26.60104053051457,477
1984,3,37.73094968532035,47.768269476576464,27.69362989406424,476
1984,4,50.393480843077846,61.22436255397676,39.56259913217893,482
1984,5,59.99397661355122,72.17759462685561,47.81035860024681,476
1984,6,70.83095433402148,82.9975122382792,58.66439642976378,482
1984,7,73.47878843162383,85.98480955344557,60.97276730980209,479
1984,8,74.1067108577436,86.77511598015042,61.438305735336776,477
1984,9,63.58591882249861,76.4446540720737,50.72718357292351,474
1984,10,55.972580438059424,66.64794503618667,45.29721583993217,472
1984,11,41.878513417216304,52.65102115436021,31.1060056800724,473
1984,12,35.10844183871719,45.11245354130841,25.104430136125966,474
1985,1,23.665760847951923,33.473769110976285,13.857752584927562,472
1985,2,28.97175435002793,39.30847977533931,18.63502892471655,481
1985,3,44.055533276572966,55.43484338313912,32.676223170006814,475
1985,4,55.48327633421063,68.23053626013495,42.73601640828628,477
1985,5,63.56064017426471,76.2322318816974,50.88904846683202,477
1985,6,68.46858011889073,80.87769551719637,56.05946472058508,477
1985,7,74.2225265490574,86.96398643453833,61.481066663576456,481
1985,8,71.12216751333031,83.0147311368973,59.22960388976331,476
1985,9,64.44952329393328,76.02564702920105,52.87339955866551,487
1985,10,55.176605424542146,66.4760116582083,43.87719919087601,481
1985,11,40.02226959768121,48.75476979669333,31.289769398669087,475
1985,12,25.794602101793057,35.92429015715125,15.664914046434864,476
1986,1,32.02190039784051,43.05472648126894,20.98907431441208,473
1986,2,32.76016715848943,42.3023131202374,23.218021196741457,477
1986,3,45.07277745906743,57.183211952301946,32.9623429658329,477
1986,4,54.041124395845486,66.56715695721743,41.51509183447354,482
1986,5,62.55936130933537,74.53600733929385,50.582715279376906,483
1986,6,71.43939012911241,83.57166714969262,59.30711310853221,481
1986,7,75.33407334499215,87.1878158422777,63.48033084770658,476
1986,8,71.07281950268124,83.22400400596182,58.92163499940069,479
1986,9,65.77702603593704,76.46289584006088,55.09115623181321,479
1986,10,54.85076036322235,66.12413699236326,43.57738373408142,477
1986,11,40.96737096018342,50.61738440891762,31.31735751144922,474
1986,12,33.73336549902204,42.28650021293873,25.180230785105348,481
1987,1,30.485653077623844,39.907715226171796,21.063590929075897,483
1987,2,36.72866892009505,47.02223506720552,26.435102772984592,484
1987,3,43.26689126640745,54.470272042571246,32.063510490243644,483
1987,4,53.9549037463215,67.48837845101521,40.4214290416278,483
1987,5,65.19174450384902,77.5221784511219,52.86131055657615,481
1987,6,72.13456064178877,84.58076380468191,59.68835747889563,480
1987,7,75.41918809716283,87.29664194896563,63.54173424536006,478
1987,8,72.79052277645224,84.77334806704192,60.80769748586254,481
1987,9,65.85157974144565,78.67087240970659,53.03228707318471,476
1987,10,51.2087192308711,64.75228387872633,37.665154583015855,480
1987,11,44.84295801408096,55.19914903712148,34.486766991040454,476
1987,12,34.82305596575061,43.2416586666398,26.40445326486143,478
1988,1,25.47776115464572,35.62143098956231,15.334091319729126,486
1988,2,30.260733658962774,41.613044042993785,18.908423274931774,482
1988,3,42.09653429508183,54.24926205301928,29.94380653714439,484
1988,4,52.07219208829023,65.33093192411813,38.81345225246233,481
1988,5,63.22837637312871,76.83284542059145,49.62390732566595,481
1988,6,72.29588410593239,86.49111130636605,58.10065690549872,480
1988,7,75.89742384296044,88.86668250547345,62.92816518044741,480
1988,8,75.52098753296765,88.25936341502819,62.78261165090712,479
1988,9,65.66761340380405,78.34469674329503,52.990530064313084,480
1988,10,51.571662864968985,64.12813624160248,39.01518948833551,484
1988,11,43.41331118619861,53.85959710542042,32.96702526697682,476
1988,12,32.628386239709265,43.37558656906297,21.88118591035556,480
1989,1,34.093619366597856,44.62410090027323,23.56313783292249,479
1989,2,26.27418571236187,36.24656473512482,16.301806689598916,476
1989,3,40.829382689406174,52.09086639116227,29.56789898765008,481
1989,4,52.27136763004005,64.83881345072592,39.70392180935417,481
1989,5,60.77487584682802,73.05266343236978,48.49708826128626,481
1989,6,69.0674529458044,80.60856879810991,57.526337093498896,481
1989,7,74.82086051034364,86.62760860861927,63.014112412067995,484
1989,8,72.32520060819735,84.03880677725418,60.61159443914051,482
1989,9,64.32589567702412,76.49456822228538,52.15722313176287,480
1989,10,55.01477304525968,68.25820481969019,41.77134127082917,475
1989,11,41.8202940287391,53.335731768895535,30.304856288582652,474
1989,12,23.71195882452107,34.140428927668765,13.28348872137337,478
1990,1,36.45656406977725,46.78554854560536,26.127579593949147,481
1990,2,35.89005610857479,47.04874965549412,24.731362561655466,479
1990,3,44.43489197352168,55.4281114294781,33.44167251756525,476
1990,4,52.25987580633447,64.65363249573701,39.86611911693192,480
1990,5,59.50425757739786,70.78847904884886,48.22003610594686,481
1990,6,70.94709902262288,82.94337563085432,58.95082241439142,475
1990,7,74.00140805196095,85.67929418188636,62.32352192203553,478
1990,8,73.22192908500627,85.01833416935925,61.42552400065328,480
1990,9,67.82375388857115,80.50972343812394,55.13778433901835,483
1990,10,54.36951153530967,67.36058380171923,41.37843926890011,484
1990,11,45.71924687428174,57.61111278044548,33.82738096811799,488
1990,12,31.102787316650105,41.428276243511036,20.777298389789177,482
1991,1,26.946137078002245,36.33994644114617,17.552327714858325,483
1991,2,37.36147877501286,48.65003556065147,26.07292198937426,484
1991,3,43.65208056886949,54.87611489835135,32.42804623938764,482
1991,4,54.14990499138186,65.56273012473355,42.737079858030164,483
1991,5,64.76631102663674,75.56188526769162,53.97073678558186,480
1991,6,71.6551629364627,83.07213996557256,60.238185907352836,484
1991,7,74.94054533285092,86.98022305886496,62.900867606836876,482
1991,8,73.71998384140626,85.8842329937389,61.55573468907362,482
1991,9,65.44971438639881,77.9344067823525,52.96502199044511,486
1991,10,54.700586946491335,67.67023697479249,41.73093691819018,484
1991,11,38.45720592534425,47.98670982805074,28.927702022637757,484
1991,12,34.98795918872074,44.1801847297234,25.795733647718084,482
1992,1,32.71922049456848,42.03165160873853,23.40678938039844,479
1992,2,38.134185504057726,47.97481183208075,28.293559176034695,480
1992,3,43.32262980830253,54.541571173721024,32.10368844288403,477
1992,4,51.508544909305655,63.19342003110033,39.82366978751098,479
1992,5,61.31560823124825,74.14155267744216,48.48966378505433,479
1992,6,67.90760848651155,79.59985130228236,56.21536567074072,472
1992,7,71.67984268571821,82.47626354254061,60.88342182889583,479
1992,8,69.31372806503138,80.92574654223152,57.70170958783124,474
1992,9,64.69584926340427,76.73260156988884,52.65909695691969,479
1992,10,53.694522236835866,66.4351347148113,40.95390975886043,477
1992,11,40.22423869794209,48.08003501843104,32.368442377453135,479
1992,12,31.378599642230686,39.826125664505135,22.93107361995624,480
1993,1,28.897058065828283,37.70924196391665,20.08487416773992,481
1993,2,28.49108087804803,38.16084947813693,18.82131227795914,478
1993,3,39.33819557448616,49.30504365145143,29.371347497520883,478
1993,4,49.73526617423965,60.9803233671483,38.490208981331,481
1993,5,61.640222858046585,73.2900042162449,49.99044149984828,478
1993,6,68.65029902240958,79.82027827723044,57.48031976758873,480
1993,7,74.05541301307038,84.8819795772506,63.22884644889016,476
1993,8,73.29109151268915,84.70432716118394,61.87785586419436,479
1993,9,63.110363725154826,75.01613426295704,51.20459318735261,473
1993,10,52.88511658221286,64.89124837342625,40.87898479099947,479
1993,11,39.63767704648461,49.94163634587729,29.333717747091917,483
1993,12,32.97561321147296,41.8049142818574,24.14631214108852,483
1994,1,24.56711273503727,34.23775640261455,14.896469067459986,482
1994,2,29.114596380202958,39.91760200279887,18.311590757607043,479
1994,3,43.03119241759854,54.92616181588619,31.1362230193109,480
1994,4,53.04146648856627,65.75541013748328,40.327522839649255,479
1994,5,61.22517773959098,73.8371576468106,48.613197832371355,481
1994,6,71.93858646309585,83.81939123298514,60.05778169320656,473
1994,7,73.49192813205542,85.03184387237397,61.95201239173688,476
1994,8,71.54988046035318,83.50885072853269,59.59091019217367,471
1994,9,65.70075157087064,78.07518735804305,53.32631578369821,477
1994,10,55.15632707825149,66.61496897021529,43.6976851862877,479
1994,11,44.312101696289226,54.381730402300164,34.242472990278294,481
1994,12,35.412629030123384,44.33313669414739,26.492121366099376,481
1995,1,30.49996811771338,39.15920413885799,21.84073209656877,480
1995,2,33.46777007083825,44.22369039294039,22.711849748736114,484
1995,3,42.9496585041387,53.813642398572874,32.08567460970451,484
1995,4,49.73763103432487,61.33347692302429,38.14178514562545,480
1995,5,59.74226294029305,70.54198539981304,48.94254048077306,482
1995,6,69.6122122652244,80.95966365394963,58.26476087649914,476
1995,7,74.86580651339101,86.83891164963767,62.89270137714438,466
1995,8,75.97598497533622,87.57824717563803,64.3737227750344,478
1995,9,64.38209435503644,76.69813067274656,52.066058037326336,476
1995,10,54.958742858288176,67.27662518174893,42.64086053482744,476
1995,11,39.33438755370512,49.943444129753956,28.725330977656284,477
1995,12,31.257381125263574,40.342595412436694,22.17216683809045,479
1996,1,26.59408227083124,36.92084970642066,16.267314835241816,479
1996,2,32.31743483099213,43.2378798485955,21.396989813388753,481
1996,3,36.74533769200805,48.2897132359792,25.20096214803689,480
1996,4,50.13781190604083,62.65711764699678,37.61850616508488,479
1996,5,60.970735920788,71.8124380312261,50.12903381034991,477
1996,6,70.57120422028545,82.02529263535496,59.11711580521595,475
1996,7,73.05888931221962,84.70148464266522,61.416293981774025,478
1996,8,72.60419026538442,84.39860356590249,60.80977696486634,480
1996,9,64.14928735666251,75.49969668049792,52.7988780328271,482
1996,10,54.212243471241926,66.30793773727393,42.11654920520993,479
1996,11,37.684371831370264,46.62999353290388,28.73875012983664,480
1996,12,32.13032392843348,41.11817805873148,23.142469798135487,483
1997,1,27.12533627488032,36.769480647660615,17.481191902100015,485
1997,2,34.56317091214607,43.90556059323742,25.22078123105471,482
1997,3,43.33220742028506,54.9788706863462,31.68554415422393,483
1997,4,48.085556004644864,59.84351554157124,36.327596467718486,481
1997,5,58.43697500542055,70.7249933909006,46.14895661994051,486
1997,6,69.74025667608612,81.08259282419971,58.397920527972516,481
1997,7,74.08158055565264,85.73785813267239,62.42530297863287,482
1997,8,71.59308886811417,83.08041038864114,60.105767347587204,479
1997,9,66.44830619947581,78.58732106279736,54.30929133615427,480
1997,10,54.38401440349355,66.47362877662972,42.29440003035737,483
1997,11,39.74324952604807,48.81850027874603,30.667998773350114,483
1997,12,33.67747349673436,41.69091367209493,25.664033321373783,483
1998,1,33.33439083195768,41.65603339328451,25.01274827063084,484
1998,2,38.807825494355065,47.30201498296365,30.313636005746478,487
1998,3,40.189581396560776,49.62847205547916,30.750690737642394,481
1998,4,52.0929918300448,63.757826024097525,40.42815763599209,482
1998,5,64.82199254322992,76.72066049920987,52.92332458724998,480
1998,6,69.43759270832254,80.53971986789254,58.335465548752516,475
1998,7,75.53429816071043,86.96177412383717,64.1068221975837,477
1998,8,74.34272280507645,86.17845841130534,62.506987198847554,481
1998,9,69.73199410074955,82.59878998596929,56.86519821552978,481
1998,10,55.780969172926916,67.44369898096477,44.11823936488906,483
1998,11,45.08534569731652,54.80699327124951,35.363698123383536,481
1998,12,35.666741397683936,45.80962303739163,25.523859757976236,480
1999,1,30.124254705302235,39.931427469695635,20.317081940908842,481
1999,2,38.25582591103055,48.729222287677956,27.782429534383144,485
1999,3,41.01758233678068,52.4600759789282,29.57508869463316,485
1999,4,52.848865361834854,64.09458961087184,41.60314111279787,481
1999,5,61.516659746349944,73.54600909799733,49.487310394702554,482
1999,6,69.79892050603328,80.86976948265641,58.72807152941016,482
1999,7,76.1437707821871,87.80583246134566,64.48170910302854,483
1999,8,73.17226830070474,85.4544257280384,60.89011087337107,483
1999,9,64.58510085653636,78.11998434673998,51.05021736633273,484
1999,10,54.047216100114916,67.71503094923544,40.37940125099439,482
1999,11,47.976663529348954,60.74646798644181,35.2068590722561,485
1999,12,34.89369285809148,45.35851534195597,24.428870374226975,483
2000,1,30.631830859761656,40.86379378236916,20.39986793715416,486
2000,2,38.09191871556775,49.14263838017584,27.041199050959662,487
2000,3,46.128371597973846,57.93727550290657,34.31946769304111,486
2000,4,51.88062735665134,64.4419326770419,39.31932203626078,483
2000,5,63.92675966567314,75.98264513913938,51.8708741922069,472
2000,6,69.73532432874723,81.34221786840355,58.128430789090906,477
2000,7,73.77591416583319,85.43641117689482,62.11541715477155,476
2000,8,74.27752148746666,86.35661811297021,62.19842486196309,469
2000,9,65.79102500494317,78.65574692044945,52.92630308943687,474
2000,10,56.14156685362175,68.43142130459611,43.85171240264737,476
2000,11,38.37671055982186,47.77937439116488,28.974046728478854,474
2000,12,23.954515569548175,33.3420309030961,14.567000236000249,480
2001,1,29.301171233643302,38.882895405965925,19.71944706132068,480
2001,2,31.33382433513436,41.378380939502435,21.289267730766284,486
2001,3,38.83746099716047,48.996553510503574,28.678368483817376,483
2001,4,54.186021023858125,66.23633234436913,42.135709703347125,486
2001,5,63.10224047646991,75.21069592918508,50.99378502375473,479
2001,6,69.6485454678059,81.24878170728421,58.04830922832758,478
2001,7,74.85796084177647,86.49304244468325,63.22287923886969,477
2001,8,74.66012390541614,86.76778590054882,62.55246191028348,486
2001,9,64.89586521881641,77.2104144940079,52.58131594362492,479
2001,10,53.856970441753894,66.51897962142681,41.19496126208098,480
2001,11,48.45189067090818,60.28749258925174,36.616288752564614,481
2001,12,36.448000557405166,45.992830245028394,26.903170869781935,483
2002,1,33.86463148877376,44.04274861656066,23.68651436098686,487
2002,2,35.383018950300254,46.82210431165156,23.943933588948948,479
2002,3,38.336126485368716,49.76918830241959,26.90306466831783,484
2002,4,53.328332430187366,65.22244284482498,41.43422201554976,484
2002,5,59.03770978759757,71.30232314395124,46.77309643124391,479
2002,6,71.84344192000408,83.81183571402035,59.875048125987796,476
2002,7,76.68853050450193,88.69032326349068,64.68673774551316,479
2002,8,73.64693078126885,85.72564020178943,61.56822136074827,481
2002,9,67.89819656743465,80.3455000354922,55.45089309937711,484
2002,10,51.55537763194608,61.652717033121114,41.458038230771045,476
2002,11,40.93235962716651,51.12983076217225,30.73488849216079,476
2002,12,34.01313992295523,43.617178847679696,24.40910099823077,485
2003,1,28.030112983185294,37.934034414495336,18.12619155187525,479
2003,2,29.63463588527655,39.78284729986473,19.486424470688373,482
2003,3,41.966187424163216,53.54508092860382,30.3872939197226,481
2003,4,52.23939605724884,64.19571296179147,40.28307915270621,481
2003,5,60.82401237381211,72.02464627969736,49.62337846792685,472
2003,6,68.28857256132268,79.64814819056286,56.92899693208249,478
2003,7,74.94545550516548,86.90999971103287,62.98091129929808,477
2003,8,75.14419244195578,87.07008193261942,63.21830295129215,478
2003,9,64.67920320042782,77.09925131928519,52.25915508157046,479
2003,10,55.38058818479603,68.26559435063031,42.49558201896176,471
2003,11,43.00427446832089,53.025600281979585,32.98294865466218,481
2003,12,34.351912596368706,43.595695248716126,25.10812994402128,481
2004,1,26.78954510538436,36.423235682045984,17.15585452872273,480
2004,2,31.440524833049068,41.29834059650319,21.58270906959495,477
2004,3,45.81941885061758,56.889403940725074,34.74943376051009,479
2004,4,53.05849347821329,65.6364607280177,40.480526228408884,479
2004,5,63.04398820042319,74.59467501544998,51.493301385396414,475
2004,6,68.63952845764345,79.72720830657825,57.55184860870866,478
2004,7,72.92647768642838,84.00493475333147,61.8480206195253,476
2004,8,70.00586469886875,81.54066771946353,58.471061678273955,473
2004,9,67.04523636712965,79.37910492616167,54.71136780809762,474
2004,10,55.777075397370815,66.5937051155655,44.960445679176125,475
2004,11,44.72882790814071,54.29579802482001,35.161857791461415,480
2004,12,33.427969254956125,43.474038528317394,23.381899981594856,479
2005,1,30.022284259329155,38.94634862131944,21.098219897338865,473
2005,2,36.17644463073765,46.1569246533074,26.19596460816789,478
2005,3,40.41872398598249,51.6914541051809,29.145993866784075,479
2005,4,53.32938327996981,65.7926889148763,40.866077645063335,476
2005,5,59.69157318521122,71.6698885368562,47.713257833566225,477
2005,6,71.44096698090115,82.65555422600485,60.226379735797444,467
2005,7,75.65657537286019,87.60993237659194,63.703218369128436,472
2005,8,74.21712015957249,86.08953312193005,62.34470719721494,471
2005,9,68.70882925002623,81.6588179060614,55.758840593991046,472
2005,10,55.564449662145336,67.3562231848165,43.77267613947418,469
2005,11,44.639071094234254,56.054851236792246,33.22329095167627,475
2005,12,29.904905058167213,38.799725118114786,21.01008499821964,472
2006,1,38.2596551515361,47.99567431247334,28.52363599059886,476
2006,2,32.27438395979892,43.3897973240149,21.15897059558294,478
2006,3,41.786985209685696,52.44921962465452,31.124750794716878,478
2006,4,55.84559595385458,68.66744555432443,43.02374635338472,474
2006,5,62.28675318032958,74.23726043075477,50.33624592990438,471
2006,6,70.83021375408636,83.01628410639623,58.64414340177648,472
2006,7,76.68397783906099,88.83162672980616,64.5363289483158,471
2006,8,74.16598725250502,85.8432021092623,62.488772395747766,472
2006,9,63.296221863828656,74.98598906562437,51.60645466203294,467
2006,10,52.12336001641608,63.76889604565194,40.47782398718023,476
2006,11,43.91887363064628,54.860185105725606,32.97756215556697,473
2006,12,36.457045768094446,46.357233811357176,26.55685772483171,471
2007,1,30.076799562498692,39.462653103867346,20.690946021130042,477
2007,2,27.608142527012216,37.37317387084266,17.843111183181765,474
2007,3,46.32814439080681,58.06591281867756,34.590375962936065,472
2007,4,50.03344091067436,61.66003596619599,38.40684585515273,471
2007,5,63.854227021708695,76.35361467812972,51.354839365287674,471
2007,6,70.96622060917582,82.96703248088515,58.965408737466504,471
2007,7,74.40442413687461,86.22120357576526,62.58764469798397,469
2007,8,75.64582635546623,87.50765430469635,63.783998406236115,465
2007,9,67.33292334774129,80.11129217420998,54.554554521272614,472
2007,10,57.84473755804061,69.50312362748194,46.186351488599264,477
2007,11,42.65506626484148,54.064436451254686,31.245696078428278,480
2007,12,31.20005121571309,40.16145417409504,22.238648257331135,473
2008,1,27.822827942996216,37.80107777251133,17.844578113481106,464
2008,2,30.23126352165817,40.66671373375111,19.795813309565233,465
2008,3,39.72572187983363,50.987699784483475,28.463743975183785,467
2008,4,50.471638969381644,62.44038011991181,38.50289781885147,471
2008,5,59.56870132599696,71.68984068650853,47.4475619654854,471
2008,6,70.69623067754863,82.45731451269847,58.93514684239879,472
2008,7,74.36742626348713,86.25986021589111,62.47499231108315,472
2008,8,72.1919804030126,84.1023902376258,60.28157056839939,466
2008,9,65.75324342008868,77.68518688796262,53.82129995221475,475
2008,10,53.56240826782881,65.82422723127661,41.300589304381,475
2008,11,42.194488061182234,52.491000581507826,31.897975540856642,474
2008,12,29.590041612378705,39.87594563636259,19.304137588394823,473
2009,1,25.823088119494564,36.470950070294336,15.175226168694785,470
2009,2,34.02299570351552,45.45892839737901,22.58706300965202,476
2009,3,41.639726899776996,53.106352281388794,30.173101518165193,472
2009,4,50.92508888207724,62.79703002209495,39.05314774205954,471
2009,5,61.84959761670148,73.454326858868,50.244868374534946,465
2009,6,69.80140714130856,80.85484391117545,58.74797037144166,469
2009,7,71.56789090100933,82.95095664446852,60.184825157550144,466
2009,8,71.75097478103946,83.18122140581907,60.32072815625984,470
2009,9,66.1393037004409,77.7819550958498,54.496652305032015,471
2009,10,50.14648375270769,59.718560137496134,40.57440736791924,475
2009,11,46.06194228932952,56.99844851595811,35.12543606270094,476
2009,12,28.568696292290443,37.121693158319786,20.0156994262611,472
2010,1,26.67523933828781,35.22951181362921,18.120966862946414,481
2010,2,28.368116988189293,37.25689730374046,19.479336672638134,483
2010,3,42.93732277777082,53.800713654621276,32.073931900920364,479
2010,4,55.180553416829824,67.9919773388489,42.36912949481074,480
2010,5,61.873842098727245,73.21226895091121,50.53541524654327,471
2010,6,71.94306367641981,82.83017376721114,61.05595358562849,473
2010,7,75.78927275657834,86.97727849704168,64.60126701611502,473
2010,8,75.29341039708949,87.00068558678741,63.58613520739157,472
2010,9,66.51577303977923,79.06188646214004,53.96965961741843,472
2010,10,56.12146474388404,69.66117319928281,42.581756288485266,469
2010,11,42.478408677368456,53.63339276377769,31.32342459095923,471
2010,12,28.809083703923204,37.568205266228794,20.049962141617613,471
2011,1,25.7887915566945,35.24905372700465,16.328529386384357,469
2011,2,31.010317377453365,41.68966275819182,20.330971996714904,472
2011,3,41.02869068818722,51.525085720483155,30.53229565589128,471
2011,4,52.10961517275098,63.50518514861818,40.714045196883774,472
2011,5,60.63208432451066,71.84609727267049,49.41807137635082,471
2011,6,70.98347029899874,82.41021914014014,59.556721457857336,474
2011,7,77.47229857454697,89.04990792805937,65.89468922103458,468
2011,8,74.70255967319406,86.91867573989624,62.486443606491875,477
2011,9,65.12601470376205,77.40141641530882,52.85061299221529,475
2011,10,55.01565663510688,67.6430629562117,42.388250314002065,480
2011,11,44.24383042514727,55.26183490188695,33.2258259484076,477
2011,12,35.19375628169131,44.80069966064439,25.586812902738224,478
2012,1,33.89084527023853,44.726249244661425,23.055441295815626,479
2012,2,36.171206504883344,46.305936702089205,26.03647630767748,477
2012,3,51.612265849544336,63.78557464965177,39.43895704943691,474
2012,4,54.304310448048184,66.68858861526984,41.920032280826526,471
2012,5,65.08950296546654,77.51841413667871,52.66059179425435,468
2012,6,71.18846422040058,83.80992087352485,58.56700756727631,474
2012,7,78.31928892545142,90.77173641292613,65.8668414379767,473
2012,8,73.39658112819743,86.31907713035675,60.47408512603807,469
2012,9,65.55919766303991,79.00055832830932,52.117836997770496,467
2012,10,53.09267826928991,64.69934319992822,41.486013338651595,469
2012,11,42.507140221768935,54.21397650291993,30.800303940617955,470
2012,12,35.37095965226129,44.69965942778496,26.042259876737624,470
2013,1,30.230951751975024,40.20473352934103,20.257169974609024,466
2013,2,31.73910819064498,41.71650735959506,21.76170902169489,468
2013,3,37.11728961825069,47.7040458143625,26.53053342213888,466
2013,4,48.87654446742556,60.44428813987952,37.3088007949716,467
2013,5,61.29267351851022,72.96764076412941,49.61770627289105,467
2013,6,70.49528257823184,81.6458028914162,59.344762265047486,462
2013,7,74.02774612519299,85.17802619443462,62.87746605595137,465
2013,8,72.77680050088054,84.19975945554862,61.353841546212436,456
2013,9,67.44942714042809,79.66177619178093,55.23707808907526,455
2013,10,53.746526623336806,65.20374195369995,42.28931129297368,461
2013,11,39.94442515555882,50.58591166285698,29.30293864826065,465
2013,12,28.457645763348527,38.36888789251784,18.546403634179214,463
2014,1,24.977097179154747,36.44552191820681,13.508672440102684,466
2014,2,26.75092537021339,37.296784436156024,16.205066304270765,465
2014,3,36.81150185807391,48.802078076370826,24.820925639776995,465
2014,4,51.12328920958167,63.54111773526684,38.7054606838965,465
2014,5,61.795049338365814,73.73339645531144,49.85670222142018,456
2014,6,70.4393156490454,81.41394501943564,59.464686278655144,461
2014,7,72.14011597485164,83.6347024519581,60.64552949774517,464
2014,8,72.69440008022933,83.74350539714062,61.64529476331804,471
2014,9,65.74151646200592,77.50589126752017,53.97714165649166,468
2014,10,55.835194660336214,67.78492390473635,43.885465415936075,471
2014,11,37.196710169874144,47.667805518853854,26.72561482089444,470
2014,12,35.12670840457861,42.83197945790931,27.421437351247913,466
2015,1,29.09066447550001,39.01778034178008,19.163548609219937,466
2015,2,25.892131657119606,37.02736762904357,14.756895685195637,463
2015,3,42.01571563208078,54.322704155975714,29.708727108185847,467
2015,4,53.093245245047854,65.34318889564761,40.8433015944481,456
2015,5,62.32141099655754,73.61287973936697,51.02994225374812,470
2015,6,71.33465924697907,82.40135840714939,60.26796008680876,468
2015,7,74.3168510189406,85.43464979544552,63.19905224243565,470
2015,8,72.31323155263279,84.06358702853615,60.56287607672943,472
2015,9,69.05402974031323,81.14501317650323,56.963046304123225,468
2015,10,56.265309560381034,68.08184730833698,44.448771812425086,472
2015,11,45.67761884620285,56.04420872429691,35.31102896810878,464
2015,12,39.456329137101726,48.06102563492262,30.85163263928083,464
2016,1,29.202979724587973,38.31238087514769,20.09357857402826,468
2016,2,36.04896670516707,46.339229998359045,25.758703411975098,468
2016,3,46.65755894424295,58.2095921176922,35.10552577079369,459
2016,4,52.64946417517918,64.64996501710566,40.64896333325271,470
2016,5,61.003302200898126,72.53195278956204,49.47465161223422,458
2016,6,72.41818889938293,84.63827191305256,60.198105885713304,463
2016,7,75.44651639235539,86.84278067048808,64.05025211422272,466
2016,8,74.4667899367034,85.60979175578619,63.32378811762065,469
2016,9,68.45329163128903,80.24838117690317,56.658202085674894,472
2016,10,57.93380618864056,69.81259004068302,46.055022336598114,469
2016,11,47.74428492284737,59.44222517139741,36.04634467429732,471
2016,12,31.38076518231577,40.406368222818415,22.35516214181312,471
2017,1,32.057652749046426,40.46612111561199,23.649184382480865,460
2017,2,39.817731283406694,50.97540498622561,28.660057580587775,470
2017,3,43.165226886413166,54.13722645627789,32.193227316548445,464
2017,4,54.26280740698667,65.73001147499525,42.79560333897809,467
2017,5,60.77644897719077,72.41538301661404,49.137514937767506,464
2017,6,70.81034030346636,82.80658521497824,58.81409539195445,464
2017,7,75.4540950681548,87.21442010978613,63.693770026523445,464
2017,8,71.24368151189071,82.69017145846352,59.797191565317924,468
2017,9,67.11588328240082,79.37560780723933,54.8561587575623,464
2017,10,56.11366607685203,68.17969161034414,44.04764054335992,466
2017,11,42.97153082015808,53.76317003738252,32.17989160293363,470
2017,12,31.47348889128872,41.34206903963699,21.60490874294046,466
2018,1,27.996415263647947,38.46008588884804,17.532744638447856,468
2018,2,32.83483447290045,43.45320909778628,22.216459848014612,468
2018,3,40.61328310379578,51.0694296359799,30.157136571611655,471
2018,4,46.4595245403777,58.459142305031726,34.45990677572367,470
2018,5,66.95511918045223,79.09098401287994,54.819254348024515,471
2018,6,72.30464127105981,83.56777363330298,61.04150890881667,463
2018,7,75.12898327038361,86.8280549683456,63.4299115724216,458
2018,8,73.68800339981634,84.97714728104094,62.39885951859174,461
2018,9,68.2318598343806,79.06498341690644,57.39873625185475,455
2018,10,53.210754804732666,63.77996150482245,42.64154810464287,463
2018,11,37.90404651249634,47.13708440390401,28.671008621088674,459
2018,12,34.393227753389624,43.06983863222581,25.716616874553427,459
2019,1,28.813036290028407,38.05792806441286,19.568144515643954,464
2019,2,29.107164425781434,38.74578922442631,19.468539627136565,463
2019,3,37.64118683684467,48.28618452948256,26.996189144206785,462
2019,4,52.40609709591854,64.02129289866234,40.79090129317475,465
2019,5,60.38758922424678,71.04331105932638,49.73186738916718,459
2019,6,69.47410494753952,80.80488171415801,58.14332818092102,455
2019,7,75.38666482292336,86.72699779865404,64.0463318471927,456
2019,8,73.03998737065871,84.50654147072568,61.57343327059174,461
2019,9,69.3695926938336,80.99224442683253,57.74694096083468,459
2019,10,52.47060974970101,63.841049272894615,41.10017022650741,464
2019,11,38.89042735099778,49.448480175313506,28.33237452668207,465
2019,12,35.33549188344597,44.78493634524442,25.886047421647532,465
2020,1,33.32883493885039,42.11547163682333,24.542198240877447,470
2020,2,33.627995627633496,43.96553020169731,23.290461053569672,468
2020,3,45.16309833408201,55.417255252904305,34.908941415259704,462
2020,4,49.81482722924967,62.02367135127819,37.60598310722115,461
2020,5,60.12869175225557,71.2804376657381,48.976945838773034,459
2020,6,71.41284326470279,83.20375336066537,59.62193316874022,454
2020,7,76.15857193983271,87.65911461910072,64.6580292605647,463
2020,8,74.02912241059872,86.08607758862809,61.972167232569355,459
2020,9,65.28331409785815,77.33080571665369,53.23582247906261,463
2020,10,52.75530502343687,64.53678173850678,40.973828308366976,463
2020,11,46.13620815664904,58.036172251448605,34.23624406184948,462
2020,12,34.20833120586086,44.38653600861825,24.03012640310347,467
2021,1,32.24360405602157,40.70994677245787,23.777261339585266,458
2021,2,26.27414987619186,35.779009878719265,16.76928987366446,460
2021,3,45.178539899991975,57.17403024131111,33.183049558672856,467
2021,4,51.43022359353291,63.93620650531176,38.92424068175405,470
2021,5,60.483836643907594,72.17901458035911,48.788658707456094,464
2021,6,72.86555782382237,84.89037036918978,60.84074527845495,466
2021,7,75.00015763988573,86.22329556373917,63.77701971603227,463
2021,8,74.72847668968173,86.25688739364242,63.200065985721054,459
2021,9,67.83021977288563,80.5539032280882,55.10653631768306,465
2021,10,58.08138012149434,69.05306836898147,47.109691874007204,468
2021,11,43.18795500788352,54.53332359969598,31.842586416071047,464
2021,12,38.732200885444904,49.10290101191209,28.361500758977726,455
2022,1,26.848495843692113,38.139224421843664,15.557767265540566,456
2022,2,30.92260901016657,43.12519813797024,18.720019882362905,457
2022,3,42.52291415439923,54.63456084759818,30.411267461200275,460
2022,4,49.66833259359331,61.56442587931309,37.772239307873534,460
2022,5,62.74464667581942,74.23789536732549,51.25139798431334,458
2022,6,71.56745430197469,83.69291071774683,59.441997886202536,458
2022,7,76.13772696491208,87.81328339115382,64.46217053867035,452
2022,8,74.42526131805154,86.03565915726115,62.81486347884193,460
2022,9,67.49570892434167,80.21325136616693,54.77816648251641,461
2022,10,54.26673338671147,67.9289097374692,40.604557035953746,457
2022,11,41.62168374530403,52.47087666968378,30.772490820924293,458
2022,12,30.922506422669468,39.90035164824466,21.944661197094273,457
2023,1,34.06031436174858,42.638970407024416,25.481658316472746,460
2023,2,35.13957396308461,46.257905998855115,24.021241927314097,461
2023,3,39.897271025770806,50.44052926481867,29.35401278672293,454
2023,4,51.609504323789444,64.2224424846097,38.99656616296919,458
2023,5,62.6908189780997,75.05459003552946,50.32704792066993,457
2023,6,70.11509721529731,82.12317264879705,58.107021781797556,456
2023,7,75.018531276076,86.85080117551816,63.18626137663385,462
2023,8,74.17103237830729,85.91007318532061,62.43199157129397,462
2023,9,68.19462306221868,80.44988541365042,55.93936071078694,463
2023,10,56.14094678704584,67.7582960830216,44.52359749107009,465
2023,11,43.284684661034134,54.94352977584874,31.62583954621953,469
2023,12,39.112541089450104,48.38886524609003,29.836216932810178,468
2024,1,29.07110874215962,37.19744429437774,20.9447731899415,458
2024,2,40.036144467479396,51.45405017247071,28.61823876248807,466
2024,3,44.5280772407136,56.09592798226106,32.960226499166126,461
2024,4,53.567471629698694,65.38958113259497,41.74536212680241,456
2024,5,63.510550007465405,75.1081777405048,51.912922274426016,461
2024,6,72.1691577956451,83.93584778451985,60.402467806770346,458
2024,7,75.21826389966557,86.73377899855119,63.70274880077999,465
2024,8,73.6684392630561,85.39760287326425,61.939275652847954,462
2024,9,68.63910208247525,81.53732592445536,55.740878240495135,460
2024,10,58.38152171632753,72.70257713156587,44.0604663010892,465
2024,11,45.63477016370488,55.49406196553188,35.77547836187787,466
2024,12,35.62056555608672,44.85502453844861,26.386106573724835,460
2025,1,26.35868558140285,36.60749523224917,16.109875930556523,460
2025,2,30.712021915420145,41.384917437017506,20.039126393822773,455
2025,3,46.22305798827712,59.31253373915665,33.13358223739759,450
2025,4,53.45912568846841,65.70625096136149,41.212000415575325,455
2025,5,61.74562827642796,73.16852627324192,50.322730279613985,448
2025,6,72.23405532585552,83.61693959453771,60.85117105717333,446
2025,7,76.51169764951581,87.6394059668051,65.3839893322265,451
2025,8,72.98143174178604,84.50398197056168,61.45888151301041,438
2025,9,68.24634187846429,80.91792714781853,55.574756609110054,444
2025,10,57.63235036050675,69.48058590036361,45.78411482064989,445
2025,11,44.93458042947287,55.91541547403974,33.953745384905986,439
2025,12,33.86377823476251,44.02482952803736,23.702726941487665,438
