year,month,maxt,mint,date
1883.0,1.0,6.875,2.125,4
1883.0,2.0,8.24,2.6399999999999997,5
1883.0,3.0,5.9799999999999995,-1.04,5
1883.0,4.0,12.14,3.5799999999999996,5
1883.0,5.0,13.940000000000001,5.54,5
1883.0,6.0,16.96,8.76,5
1883.0,7.0,17.66,9.940000000000001,5
1883.0,8.0,18.6,10.559999999999999,5
1883.0,9.0,15.8,9.379999999999999,5
1883.0,10.0,12.42,5.9,5
1883.0,11.0,8.66,2.82,5
1883.0,12.0,7.375,2.425,4
1884.0,1.0,8.16,3.3,5
1884.0,2.0,7.8,2.1,5
1884.0,3.0,9.379999999999999,2.68,5
1884.0,4.0,10.8,3.02,5
1884.0,5.0,15.02,5.58,5
1884.0,6.0,17.5,8.52,5
1884.0,7.0,19.64,11.080000000000002,5
1884.0,8.0,20.759999999999998,11.1,5
1884.0,9.0,17.5,9.559999999999999,5
1884.0,10.0,12.379999999999999,5.68,5
1884.0,11.0,8.48,3.0799999999999996,5
1884.0,12.0,6.540000000000001,1.78,5
1885.0,1.0,5.220000000000001,0.8800000000000001,5
1885.0,2.0,8.14,1.8800000000000001,5
1885.0,3.0,8.1,0.64,5
1885.0,4.0,11.440000000000001,3.2399999999999998,5
1885.0,5.0,12.319999999999999,4.08,5
1885.0,6.0,17.34,8.120000000000001,5
1885.0,7.0,20.080000000000002,10.42,5
1885.0,8.0,17.06,9.040000000000001,5
1885.0,9.0,15.66,7.359999999999999,5
1885.0,10.0,10.08,3.9,5
1885.0,11.0,8.26,3.2600000000000002,5
1885.0,12.0,6.720000000000001,1.1400000000000001,5
1886.0,1.0,4.4799999999999995,-0.7,5
1886.0,2.0,4.58,-0.72,5
1886.0,3.0,6.92,0.76,5
1886.0,4.0,10.940000000000001,2.78,5
1886.0,5.0,13.440000000000001,5.279999999999999,5
1886.0,6.0,16.82,8.26,5
1886.0,7.0,19.419999999999998,10.580000000000002,5
1886.0,8.0,19.119999999999997,10.6,5
1886.0,9.0,16.54,8.74,5
1886.0,10.0,13.540000000000001,7.4,5
1886.0,11.0,9.419999999999998,3.5,5
1886.0,12.0,4.7,-0.44000000000000006,5
1887.0,1.0,5.5600000000000005,0.12000000000000002,5
1887.0,2.0,7.82,1.1,5
1887.0,3.0,7.5,0.31999999999999995,5
1887.0,4.0,10.459999999999999,2.1399999999999997,5
1887.0,5.0,13.1,5.5,5
1887.0,6.0,20.14,9.72,5
1887.0,7.0,21.48,11.540000000000001,5
1887.0,8.0,19.46,9.76,5
1887.0,9.0,14.940000000000001,7.44,5
1887.0,10.0,10.5,3.9200000000000004,5
1887.0,11.0,7.459999999999999,2.0,5
1887.0,12.0,5.7,0.27999999999999997,5
1888.0,1.0,6.62,1.36,5
1888.0,2.0,4.720000000000001,-0.32,5
1888.0,3.0,5.840000000000001,0.08000000000000003,5
1888.0,4.0,9.64,2.7399999999999998,5
1888.0,5.0,14.64,5.359999999999999,5
1888.0,6.0,16.14,7.840000000000001,5
1888.0,7.0,16.34,9.2,5
1888.0,8.0,17.3,9.3,5
1888.0,9.0,15.559999999999999,7.68,5
1888.0,10.0,12.02,4.5,5
1888.0,11.0,9.620000000000001,4.74,5
1888.0,12.0,7.74,2.56,5
1889.0,1.0,6.659999999999999,1.3399999999999999,5
1889.0,2.0,5.92,0.019999999999999997,5
1889.0,3.0,8.24,1.4,5
1889.0,4.0,9.84,3.28,5
1889.0,5.0,16.080000000000002,7.9,5
1889.0,6.0,18.96,9.48,5
1889.0,7.0,18.3,9.7,5
1889.0,8.0,17.8,10.48,5
1889.0,9.0,15.819999999999999,8.6,5
1889.0,10.0,11.559999999999999,4.92,5
1889.0,11.0,9.4,4.08,5
1889.0,12.0,6.76,1.44,5
1890.0,1.0,8.4,2.5799999999999996,5
1890.0,2.0,6.38,1.04,5
1890.0,3.0,9.52,2.42,5
1890.0,4.0,10.8,2.54,5
1890.0,5.0,15.440000000000001,6.6,5
1890.0,6.0,17.1,9.059999999999999,5
1890.0,7.0,17.52,9.84,5
1890.0,8.0,17.6,9.72,5
1890.0,9.0,18.56,10.24,5
1890.0,10.0,13.14,6.2,5
1890.0,11.0,9.02,2.58,5
1890.0,12.0,3.2,-1.3,5
1891.0,1.0,5.14,-0.58,5
1891.0,2.0,9.280000000000001,1.32,5
1891.0,3.0,7.06,0.14000000000000004,5
1891.0,4.0,9.379999999999999,1.6199999999999999,5
1891.0,5.0,12.959999999999999,4.38,5
1891.0,6.0,17.94,9.32,5
1891.0,7.0,18.22,10.379999999999999,5
1891.0,8.0,17.04,10.26,5
1891.0,9.0,17.16,9.459999999999999,5
1891.0,10.0,12.459999999999999,5.46,5
1891.0,11.0,8.1,2.5,5
1891.0,12.0,6.9799999999999995,1.2600000000000002,5
1892.0,1.0,4.86,-0.5399999999999999,5
1892.0,2.0,5.96,0.3,5
1892.0,3.0,6.42,-1.06,5
1892.0,4.0,11.98,1.54,5
1892.0,5.0,14.88,6.040000000000001,5
1892.0,6.0,16.84,7.74,5
1892.0,7.0,16.94,9.42,5
1892.0,8.0,18.06,10.34,5
1892.0,9.0,15.1,7.7,5
1892.0,10.0,10.0,3.28,5
1892.0,11.0,9.2,3.54,5
1892.0,12.0,4.84,-0.4,5
1893.0,1.0,5.04,0.31999999999999995,5
1893.0,2.0,7.08,1.42,5
1893.0,3.0,11.76,2.44,5
1893.0,4.0,14.64,3.62,5
1893.0,5.0,16.580000000000002,7.4,5
1893.0,6.0,19.3,9.620000000000001,5
1893.0,7.0,19.54,11.02,5
1893.0,8.0,20.740000000000002,11.959999999999999,5
1893.0,9.0,16.34,8.040000000000001,5
1893.0,10.0,13.059999999999999,5.7,5
1893.0,11.0,7.88,1.7600000000000002,5
1893.0,12.0,7.74,1.8800000000000001,5
1894.0,1.0,5.779999999999999,0.5599999999999999,5
1894.0,2.0,8.0,1.44,5
1894.0,3.0,10.84,1.72,5
1894.0,4.0,13.12,4.68,5
1894.0,5.0,12.3,3.96,5
1894.0,6.0,16.72,8.84,5
1894.0,7.0,19.48,11.2,5
1894.0,8.0,17.080000000000002,10.32,5
1894.0,9.0,14.74,7.26,5
1894.0,10.0,11.78,5.24,5
1894.0,11.0,10.28,4.92,5
1894.0,12.0,7.68,2.32,5
1895.0,1.0,2.68,-2.3600000000000003,5
1895.0,2.0,2.7399999999999998,-4.220000000000001,5
1895.0,3.0,8.66,1.6800000000000002,5
1895.0,4.0,11.8,3.88,5
1895.0,5.0,16.759999999999998,6.4799999999999995,5
1895.0,6.0,19.259999999999998,8.52,5
1895.0,7.0,18.28,10.440000000000001,5
1895.0,8.0,19.04,11.120000000000001,5
1895.0,9.0,19.759999999999998,9.9,5
1895.0,10.0,10.540000000000001,3.1399999999999997,5
1895.0,11.0,9.78,3.78,5
1895.0,12.0,6.08,1.26,5
1896.0,1.0,7.4799999999999995,2.4,5
1896.0,2.0,8.22,2.58,5
1896.0,3.0,9.8,2.68,5
1896.0,4.0,12.78,4.86,5
1896.0,5.0,16.6,6.5,5
1896.0,6.0,19.52,10.459999999999999,5
1896.0,7.0,19.62,10.68,5
1896.0,8.0,17.34,9.76,5
1896.0,9.0,15.6,8.879999999999999,5
1896.0,10.0,9.8,3.18,5
1896.0,11.0,7.980000000000001,2.38,5
1896.0,12.0,6.4,1.18,5
1897.0,1.0,4.08,-0.76,5
1897.0,2.0,7.9799999999999995,2.7399999999999998,5
1897.0,3.0,8.98,2.7199999999999998,5
1897.0,4.0,10.16,2.4799999999999995,5
1897.0,5.0,13.5,4.5200000000000005,5
1897.0,6.0,17.96,9.559999999999999,5
1897.0,7.0,20.1,10.84,5
1897.0,8.0,19.74,11.14,5
1897.0,9.0,15.34,7.459999999999999,5
1897.0,10.0,13.2,6.04,5
1897.0,11.0,10.02,4.4399999999999995,5
1897.0,12.0,7.56,1.72,5
1898.0,1.0,9.059999999999999,4.0200000000000005,5
1898.0,2.0,7.44,1.16,5
1898.0,3.0,8.0,0.74,5
1898.0,4.0,12.18,3.8600000000000003,5
1898.0,5.0,13.14,5.1,5
1898.0,6.0,17.2,8.6,5
1898.0,7.0,18.9,9.66,5
1898.0,8.0,19.66,10.92,5
1898.0,9.0,19.0,9.879999999999999,5
1898.0,10.0,14.0,7.58,5
1898.0,11.0,9.559999999999999,3.9,5
1898.0,12.0,9.440000000000001,3.8200000000000003,5
1899.0,1.0,6.94,1.42,5
1899.0,2.0,8.18,1.3599999999999999,5
1899.0,3.0,9.4,1.04,5
1899.0,4.0,10.92,3.5800000000000005,5
1899.0,5.0,13.459999999999999,4.9399999999999995,5
1899.0,6.0,19.82,9.36,5
1899.0,7.0,20.56,12.040000000000001,5
1899.0,8.0,21.86,11.540000000000001,5
1899.0,9.0,16.520000000000003,8.68,5
1899.0,10.0,13.280000000000001,4.92,5
1899.0,11.0,11.28,5.5200000000000005,5
1899.0,12.0,5.3,0.26,5
1900.0,1.0,6.659999999999999,1.6800000000000002,5
1900.0,2.0,5.0600000000000005,-0.86,5
1900.0,3.0,6.6,0.5599999999999999,5
1900.0,4.0,12.379999999999999,3.6799999999999997,5
1900.0,5.0,13.680000000000001,5.62,5
1900.0,6.0,18.28,9.68,5
1900.0,7.0,20.78,12.22,5
1900.0,8.0,18.28,10.379999999999999,5
1900.0,9.0,17.28,8.6,5
1900.0,10.0,12.52,5.26,5
1900.0,11.0,9.18,4.14,5
1900.0,12.0,9.36,4.26,5
1901.0,1.0,5.96,1.08,5
1901.0,2.0,5.279999999999999,0.1,5
1901.0,3.0,7.159999999999999,0.8800000000000001,5
1901.0,4.0,12.42,3.44,5
1901.0,5.0,15.940000000000001,5.66,5
1901.0,6.0,17.46,8.5,5
1901.0,7.0,21.52,12.3,5
1901.0,8.0,19.380000000000003,10.78,5
1901.0,9.0,17.16,9.52,5
1901.0,10.0,12.78,5.16,5
1901.0,11.0,8.66,2.62,5
1901.0,12.0,5.82,0.78,5
1902.0,1.0,7.08,1.8,5
1902.0,2.0,4.5,-0.8800000000000001,5
1902.0,3.0,9.959999999999999,3.02,5
1902.0,4.0,11.58,2.9,5
1902.0,5.0,12.059999999999999,4.4799999999999995,5
1902.0,6.0,16.580000000000002,8.580000000000002,5
1902.0,7.0,17.78,9.64,5
1902.0,8.0,17.259999999999998,9.4,5
1902.0,9.0,16.42,8.68,5
1902.0,10.0,12.459999999999999,6.0600000000000005,5
1902.0,11.0,9.68,4.4799999999999995,5
1902.0,12.0,7.24,2.48,5
1903.0,1.0,6.34,1.3,5
1903.0,2.0,9.6,3.6799999999999997,5
1903.0,3.0,9.68,2.82,5
1903.0,4.0,9.98,2.32,5
1903.0,5.0,13.88,5.82,5
1903.0,6.0,16.32,7.8,5
1903.0,7.0,18.34,10.32,5
1903.0,8.0,17.259999999999998,9.58,5
1903.0,9.0,16.3,8.7,5
1903.0,10.0,12.4,6.779999999999999,5
1903.0,11.0,9.0,3.38,5
1903.0,12.0,5.540000000000001,1.06,5
1904.0,1.0,6.74,1.56,5
1904.0,2.0,5.5,0.82,5
1904.0,3.0,7.540000000000001,1.1,5
1904.0,4.0,11.92,4.42,5
1904.0,5.0,13.919999999999998,6.08,5
1904.0,6.0,17.12,8.82,5
1904.0,7.0,20.0,11.4,5
1904.0,8.0,18.4,10.24,5
1904.0,9.0,16.34,7.92,5
1904.0,10.0,12.919999999999998,6.0,5
1904.0,11.0,8.52,2.88,5
1904.0,12.0,6.68,1.56,5
1905.0,1.0,6.9799999999999995,1.86,5
1905.0,2.0,7.7,2.1399999999999997,5
1905.0,3.0,10.040000000000001,3.02,5
1905.0,4.0,10.08,3.18,5
1905.0,5.0,14.7,5.779999999999999,5
1905.0,6.0,18.5,9.7,5
1905.0,7.0,20.72,12.08,5
1905.0,8.0,17.72,10.34,5
1905.0,9.0,15.580000000000002,8.52,5
1905.0,10.0,10.6,3.9200000000000004,5
1905.0,11.0,7.779999999999999,2.34,5
1905.0,12.0,7.840000000000001,3.3200000000000003,5
1906.0,1.0,7.44,2.66,5
1906.0,2.0,5.82,-0.04,5
1906.0,3.0,8.34,1.3199999999999998,5
1906.0,4.0,11.78,1.6600000000000001,5
1906.0,5.0,13.1,5.96,5
1906.0,6.0,18.119999999999997,9.14,5
1906.0,7.0,19.419999999999998,10.32,5
1906.0,8.0,20.259999999999998,11.7,5
1906.0,9.0,18.2,8.84,5
1906.0,10.0,13.48,6.720000000000001,5
1906.0,11.0,9.940000000000001,4.7,5
1906.0,12.0,6.0200000000000005,0.86,5
1907.0,1.0,6.4799999999999995,1.6,5
1907.0,2.0,6.220000000000001,0.18000000000000002,5
1907.0,3.0,10.620000000000001,2.1399999999999997,5
1907.0,4.0,11.1,3.5799999999999996,5
1907.0,5.0,13.4,6.08,5
1907.0,6.0,15.180000000000001,8.3,5
1907.0,7.0,17.46,9.68,5
1907.0,8.0,17.16,9.68,5
1907.0,9.0,17.52,8.58,5
1907.0,10.0,12.559999999999999,6.14,5
1907.0,11.0,9.2,3.4,5
1907.0,12.0,6.959999999999999,2.2399999999999998,5
1908.0,1.0,6.1,0.56,5
1908.0,2.0,8.120000000000001,2.6,5
1908.0,3.0,7.4799999999999995,1.1,5
1908.0,4.0,9.379999999999999,2.08,5
1908.0,5.0,15.819999999999999,7.659999999999999,5
1908.0,6.0,17.8,8.9,5
1908.0,7.0,18.880000000000003,11.059999999999999,5
1908.0,8.0,17.740000000000002,9.9,5
1908.0,9.0,16.0,8.92,5
1908.0,10.0,15.16,8.540000000000001,5
1908.0,11.0,10.42,4.36,5
1908.0,12.0,6.8,1.8,5
1909.0,1.0,6.4799999999999995,1.4,5
1909.0,2.0,6.640000000000001,0.9,5
1909.0,3.0,6.459999999999999,0.42000000000000004,5
1909.0,4.0,12.98,3.6199999999999997,5
1909.0,5.0,15.059999999999999,5.36,5
1909.0,6.0,15.24,7.82,5
1909.0,7.0,17.660000000000004,10.559999999999999,5
1909.0,8.0,19.04,10.7,5
1909.0,9.0,14.919999999999998,8.040000000000001,5
1909.0,10.0,12.76,6.42,5
1909.0,11.0,8.040000000000001,2.06,5
1909.0,12.0,6.0200000000000005,0.96,5
1910.0,1.0,6.0600000000000005,0.82,5
1910.0,2.0,7.38,1.5399999999999998,5
1910.0,3.0,9.76,2.5799999999999996,5
1910.0,4.0,10.34,2.8600000000000003,5
1910.0,5.0,14.540000000000001,6.3,5
1910.0,6.0,18.0,9.74,5
1910.0,7.0,17.32,9.98,5
1910.0,8.0,18.22,11.18,5
1910.0,9.0,15.84,8.62,5
1910.0,10.0,13.219999999999999,7.38,5
1910.0,11.0,6.32,0.58,5
1910.0,12.0,8.14,3.84,5
1911.0,1.0,6.7,1.8,5
1911.0,2.0,7.779999999999999,1.94,5
1911.0,3.0,7.76,1.9,5
1911.0,4.0,10.78,3.66,5
1911.0,5.0,16.46,7.459999999999999,5
1911.0,6.0,18.04,9.0,5
1911.0,7.0,21.84,11.34,5
1911.0,8.0,21.32,12.28,5
1911.0,9.0,17.72,8.559999999999999,5
1911.0,10.0,12.0,5.64,5
1911.0,11.0,8.34,2.7800000000000002,5
1911.0,12.0,8.12,3.44,5
1912.0,1.0,5.9799999999999995,1.26,5
1912.0,2.0,7.5,2.06,5
1912.0,3.0,9.8,3.7600000000000002,5
1912.0,4.0,12.72,3.88,5
1912.0,5.0,14.959999999999999,6.960000000000001,5
1912.0,6.0,16.580000000000002,9.379999999999999,5
1912.0,7.0,18.1,10.82,5
1912.0,8.0,15.5,8.64,5
1912.0,9.0,14.24,7.26,5
1912.0,10.0,12.040000000000001,4.5,5
1912.0,11.0,8.64,3.7,5
1912.0,12.0,8.86,3.2399999999999998,5
1913.0,1.0,6.44,1.98,5
1913.0,2.0,7.82,2.04,5
1913.0,3.0,8.7,2.0799999999999996,5
1913.0,4.0,10.940000000000001,3.7399999999999998,5
1913.0,5.0,14.419999999999998,6.74,5
1913.0,6.0,17.4,9.14,5
1913.0,7.0,17.619999999999997,10.28,5
1913.0,8.0,18.880000000000003,10.18,5
1913.0,9.0,16.88,9.559999999999999,5
1913.0,10.0,13.440000000000001,7.42,5
1913.0,11.0,10.82,4.9799999999999995,5
1913.0,12.0,7.18,2.7199999999999998,5
1914.0,1.0,6.38,1.8,5
1914.0,2.0,9.34,3.38,5
1914.0,3.0,8.940000000000001,2.2800000000000002,5
1914.0,4.0,14.14,4.66,5
1914.0,5.0,14.280000000000001,5.86,5
1914.0,6.0,18.48,9.040000000000001,5
1914.0,7.0,19.18,11.22,5
1914.0,8.0,19.759999999999998,11.1,5
1914.0,9.0,17.119999999999997,8.42,5
1914.0,10.0,13.38,7.1,5
1914.0,11.0,9.379999999999999,3.5200000000000005,5
1914.0,12.0,6.36,1.44,5
1915.0,1.0,6.0600000000000005,1.56,5
1915.0,2.0,6.720000000000001,1.06,5
1915.0,3.0,8.68,1.6199999999999999,5
1915.0,4.0,11.559999999999999,3.62,5
1915.0,5.0,14.160000000000002,5.1,5
1915.0,6.0,18.080000000000002,8.64,5
1915.0,7.0,17.94,10.24,5
1915.0,8.0,18.7,11.02,5
1915.0,9.0,16.880000000000003,8.58,5
1915.0,10.0,12.2,5.74,5
1915.0,11.0,6.44,0.8,5
1915.0,12.0,6.839999999999999,2.12,5
1916.0,1.0,9.9,4.5200000000000005,5
1916.0,2.0,6.16,0.64,5
1916.0,3.0,5.66,0.45999999999999996,5
1916.0,4.0,11.98,3.72,5
1916.0,5.0,14.66,6.32,5
1916.0,6.0,14.88,7.5,5
1916.0,7.0,18.759999999999998,10.76,5
1916.0,8.0,19.880000000000003,11.54,5
1916.0,9.0,16.2,8.98,5
1916.0,10.0,13.040000000000001,6.76,5
1916.0,11.0,9.440000000000001,4.36,5
1916.0,12.0,5.04,0.24000000000000005,5
1917.0,1.0,3.66,0.32,5
1917.0,2.0,5.0,-0.6599999999999999,5
1917.0,3.0,6.62,0.27999999999999997,5
1917.0,4.0,8.98,1.1199999999999999,5
1917.0,5.0,16.0,6.859999999999999,5
1917.0,6.0,18.32,9.120000000000001,5
1917.0,7.0,19.84,10.98,5
1917.0,8.0,18.64,11.62,5
1917.0,9.0,17.12,9.74,5
1917.0,10.0,10.78,3.6399999999999997,5
1917.0,11.0,10.42,5.18,5
1917.0,12.0,5.46,0.44000000000000006,5
1918.0,1.0,6.0200000000000005,0.7,5
1918.0,2.0,8.74,3.62,5
1918.0,3.0,9.3,2.2399999999999998,5
1918.0,4.0,10.18,2.98,5
1918.0,5.0,16.779999999999998,7.44,5
1918.0,6.0,17.259999999999998,8.22,5
1918.0,7.0,18.875,10.35,4
1918.0,8.0,18.85,11.375,4
1918.0,9.0,13.95,6.9,4
1918.0,10.0,11.825,5.525,4
1918.0,11.0,8.9,2.4,4
1918.0,12.0,8.65,3.675,4
1919.0,1.0,5.25,0.7999999999999999,4
1919.0,2.0,4.875,-0.475,4
1919.0,3.0,6.625,-0.25,4
1919.0,4.0,11.1,3.25,4
1919.0,5.0,16.975,7.15,4
1919.0,6.0,17.325,8.625,4
1919.0,7.0,17.25,9.3,4
1919.0,8.0,19.224999999999998,10.65,4
1919.0,9.0,16.2,7.975,4
1919.0,10.0,11.725,3.775,4
1919.0,11.0,5.9,0.25,4
1919.0,12.0,7.2749999999999995,2.125,4
1920.0,1.0,7.825,1.95,4
1920.0,2.0,9.175,2.65,4
1920.0,3.0,10.65,3.075,4
1920.0,4.0,10.42,4.32,5
1920.0,5.0,14.86,6.94,5
1920.0,6.0,17.880000000000003,9.26,5
1920.0,7.0,17.1,10.08,5
1920.0,8.0,16.94,9.24,5
1920.0,9.0,16.46,8.620000000000001,5
1920.0,10.0,13.64,7.0200000000000005,5
1920.0,11.0,9.98,4.64,5
1920.0,12.0,6.779999999999999,2.04,5
1921.0,1.0,9.14,3.9799999999999995,5
1921.0,2.0,7.94,2.48,5
1921.0,3.0,10.120000000000001,3.1799999999999997,5
1921.0,4.0,12.66,3.6,5
1921.0,5.0,15.180000000000001,5.9399999999999995,5
1921.0,6.0,18.64,8.76,5
1921.0,7.0,21.86,11.8,5
1921.0,8.0,17.96,10.379999999999999,5
1921.0,9.0,17.580000000000002,9.080000000000002,5
1921.0,10.0,16.0,8.36,5
1921.0,11.0,8.059999999999999,2.32,5
1921.0,12.0,9.36,3.7,5
1922.0,1.0,5.9799999999999995,0.8800000000000001,5
1922.0,2.0,7.340000000000001,1.3800000000000001,5
1922.0,3.0,7.76,1.48,5
1922.0,4.0,9.059999999999999,0.9400000000000001,5
1922.0,5.0,16.32,7.18,5
1922.0,6.0,17.2,8.34,5
1922.0,7.0,16.66,9.040000000000001,5
1922.0,8.0,16.28,9.26,5
1922.0,9.0,14.959999999999999,7.76,5
1922.0,10.0,11.7,4.36,5
1922.0,11.0,9.16,3.1399999999999997,5
1922.0,12.0,7.82,3.18,5
1923.0,1.0,8.64,3.2,5
1923.0,2.0,7.5,2.7600000000000002,5
1923.0,3.0,9.52,2.76,5
1923.0,4.0,10.28,3.3600000000000003,5
1923.0,5.0,12.14,4.54,5
1923.0,6.0,15.36,8.14,5
1923.0,7.0,19.95,11.75,4
1923.0,8.0,18.15,10.075,4
1923.0,9.0,15.4,7.574999999999999,4
1923.0,10.0,12.225,5.575,4
1923.0,11.0,6.25,0.25,4
1923.0,12.0,6.625,1.1,4
1924.0,1.0,7.08,2.2,5
1924.0,2.0,6.44,1.04,5
1924.0,3.0,7.7,-0.26000000000000006,5
1924.0,4.0,10.620000000000001,2.4,5
1924.0,5.0,14.12,6.5200000000000005,5
1924.0,6.0,16.78,9.040000000000001,5
1924.0,7.0,18.3,10.42,5
1924.0,8.0,17.1,10.16,5
1924.0,9.0,15.62,9.040000000000001,5
1924.0,10.0,12.819999999999999,6.16,5
1924.0,11.0,9.74,4.6,5
1924.0,12.0,9.120000000000001,4.34,5
1925.0,1.0,7.76,2.52,5
1925.0,2.0,7.42,1.52,5
1925.0,3.0,8.1,1.7600000000000002,5
1925.0,4.0,10.719999999999999,2.88,5
1925.0,5.0,14.36,6.840000000000001,5
1925.0,6.0,18.520000000000003,9.18,5
1925.0,7.0,20.34,11.6,5
1925.0,8.0,18.56,10.82,5
1925.0,9.0,14.62,7.32,5
1925.0,10.0,13.419999999999998,6.3,5
1925.0,11.0,7.08,1.2,5
1925.0,12.0,5.4799999999999995,0.18000000000000002,5
1926.0,1.0,7.2,1.94,5
1926.0,2.0,8.8,3.4200000000000004,5
1926.0,3.0,9.32,2.68,5
1926.0,4.0,12.88,4.9399999999999995,5
1926.0,5.0,13.34,5.38,5
1926.0,6.0,17.080000000000002,8.879999999999999,5
1926.0,7.0,20.1,11.68,5
1926.0,8.0,19.66,11.1,5
1926.0,9.0,17.18,9.459999999999999,5
1926.0,10.0,11.0,3.9200000000000004,5
1926.0,11.0,8.68,2.56,5
1926.0,12.0,7.08,1.98,5
1927.0,1.0,7.18,1.8800000000000001,5
1927.0,2.0,7.7,1.6600000000000001,5
1927.0,3.0,10.16,3.3600000000000003,5
1927.0,4.0,11.75,3.75,4
1927.0,5.0,14.180000000000001,5.4,5
1927.0,6.0,15.36,7.160000000000001,5
1927.0,7.0,18.5,11.26,5
1927.0,8.0,18.76,10.959999999999999,5
1927.0,9.0,14.959999999999999,8.219999999999999,5
1927.0,10.0,13.4,6.12,5
1927.0,11.0,8.76,3.12,5
1927.0,12.0,4.12,0.2,5
1928.0,1.0,7.959999999999999,1.8,5
1928.0,2.0,8.86,2.12,5
1928.0,3.0,8.52,2.54,5
1928.0,4.0,11.46,3.56,5
1928.0,5.0,14.12,5.88,5
1928.0,6.0,15.8,7.659999999999999,5
1928.0,7.0,19.06,10.940000000000001,5
1928.0,8.0,18.52,10.440000000000001,5
1928.0,9.0,16.34,7.62,5
1928.0,10.0,12.940000000000001,6.38,5
1928.0,11.0,10.16,4.2,5
1928.0,12.0,6.4799999999999995,1.1800000000000002,5
1929.0,1.0,4.36,-0.22000000000000003,5
1929.0,2.0,3.9200000000000004,-1.24,5
1929.0,3.0,11.98,1.24,5
1929.0,4.0,10.16,2.16,5
1929.0,5.0,15.2,5.82,5
1929.0,6.0,16.619999999999997,8.180000000000001,5
1929.0,7.0,19.740000000000002,10.58,5
1929.0,8.0,18.259999999999998,10.48,5
1929.0,9.0,18.84,9.74,5
1929.0,10.0,12.34,5.54,5
1929.0,11.0,9.440000000000001,3.38,5
1929.0,12.0,7.840000000000001,2.6,5
1930.0,1.0,7.6,2.02,5
1930.0,2.0,4.96,0.0,5
1930.0,3.0,8.18,1.12,5
1930.0,4.0,11.059999999999999,4.24,5
1930.0,5.0,13.940000000000001,5.9399999999999995,5
1930.0,6.0,18.919999999999998,9.52,5
1930.0,7.0,18.04,10.9,5
1930.0,8.0,18.7,11.1,5
1930.0,9.0,16.16,9.440000000000001,5
1930.0,10.0,12.84,6.779999999999999,5
1930.0,11.0,9.02,2.52,5
1930.0,12.0,7.0,1.94,5
1931.0,1.0,6.24,0.8800000000000001,5
1931.0,2.0,6.58,1.02,5
1931.0,3.0,7.5200000000000005,0.18000000000000002,5
1931.0,4.0,10.72,3.9799999999999995,5
1931.0,5.0,14.38,6.68,5
1931.0,6.0,16.8,9.580000000000002,5
1931.0,7.0,18.02,11.34,5
1931.0,8.0,17.46,9.959999999999999,5
1931.0,9.0,14.959999999999999,7.92,5
1931.0,10.0,12.6,5.0600000000000005,5
1931.0,11.0,10.219999999999999,4.779999999999999,5
1931.0,12.0,8.3,3.2,5
1932.0,1.0,9.26,3.2,5
1932.0,2.0,6.9799999999999995,1.36,5
1932.0,3.0,8.58,1.3599999999999999,5
1932.0,4.0,10.06,2.5,5
1932.0,5.0,13.040000000000001,6.32,5
1932.0,6.0,17.6,8.78,5
1932.0,7.0,18.7,11.68,5
1932.0,8.0,19.619999999999997,11.86,5
1932.0,9.0,15.919999999999998,8.459999999999999,5
1932.0,10.0,11.7,5.14,5
1932.0,11.0,9.14,3.9,5
1932.0,12.0,8.059999999999999,3.34,5
1933.0,1.0,5.66,0.22000000000000003,5
1933.0,2.0,6.9,1.2799999999999998,5
1933.0,3.0,11.2,3.1799999999999997,5
1933.0,4.0,12.559999999999999,4.92,5
1933.0,5.0,15.02,7.3,5
1933.0,6.0,19.2,10.040000000000001,5
1933.0,7.0,21.52,12.78,5
1933.0,8.0,21.16,12.040000000000001,5
1933.0,9.0,18.48,10.18,5
1933.0,10.0,12.86,6.82,5
1933.0,11.0,8.58,3.4799999999999995,5
1933.0,12.0,5.32,1.1400000000000001,5
1934.0,1.0,7.82,2.02,5
1934.0,2.0,8.120000000000001,2.06,5
1934.0,3.0,8.28,1.3599999999999999,5
1934.0,4.0,10.6,3.54,5
1934.0,5.0,14.98,6.340000000000001,5
1934.0,6.0,18.28,9.540000000000001,5
1934.0,7.0,22.0,12.24,5
1934.0,8.0,18.54,10.74,5
1934.0,9.0,17.740000000000002,9.559999999999999,5
1934.0,10.0,12.78,6.779999999999999,5
1934.0,11.0,8.78,3.88,5
1934.0,12.0,9.620000000000001,5.7,5
1935.0,1.0,7.44,2.7,5
1935.0,2.0,8.28,2.58,5
1935.0,3.0,9.9,3.3200000000000003,5
1935.0,4.0,11.059999999999999,3.8200000000000003,5
1935.0,5.0,13.88,5.2,5
1935.0,6.0,17.94,9.940000000000001,5
1935.0,7.0,20.74,11.4,5
1935.0,8.0,20.6,11.379999999999999,5
1935.0,9.0,16.48,9.08,5
1935.0,10.0,12.4,5.66,5
1935.0,11.0,9.14,3.78,5
1935.0,12.0,5.279999999999999,0.9400000000000001,5
1936.0,1.0,5.68,1.06,5
1936.0,2.0,5.58,-0.06000000000000001,5
1936.0,3.0,9.6,3.62,5
1936.0,4.0,9.959999999999999,2.4,5
1936.0,5.0,14.76,6.5,5
1936.0,6.0,18.119999999999997,9.26,5
1936.0,7.0,18.380000000000003,11.42,5
1936.0,8.0,19.8,11.6,5
1936.0,9.0,17.02,10.620000000000001,5
1936.0,10.0,13.040000000000001,5.9,5
1936.0,11.0,8.68,2.7199999999999998,5
1936.0,12.0,8.08,2.56,5
1937.0,1.0,7.6,2.52,5
1937.0,2.0,7.58,2.2,5
1937.0,3.0,6.18,0.22000000000000003,5
1937.0,4.0,11.78,5.34,5
1937.0,5.0,15.780000000000001,7.359999999999999,5
1937.0,6.0,17.44,9.459999999999999,5
1937.0,7.0,19.02,11.540000000000001,5
1937.0,8.0,20.240000000000002,11.66,5
1937.0,9.0,16.68,8.74,5
1937.0,10.0,13.080000000000002,6.68,5
1937.0,11.0,8.6,3.2,5
1937.0,12.0,5.5200000000000005,0.9400000000000001,5
1938.0,1.0,8.2,2.98,5
1938.0,2.0,7.779999999999999,2.4,5
1938.0,3.0,13.040000000000001,5.6,5
1938.0,4.0,12.0,3.34,5
1938.0,5.0,14.02,5.779999999999999,5
1938.0,6.0,17.360000000000003,9.5,5
1938.0,7.0,18.28,10.72,5
1938.0,8.0,19.3,11.18,5
1938.0,9.0,17.0,9.76,5
1938.0,10.0,13.2,6.859999999999999,5
1938.0,11.0,11.22,5.9799999999999995,5
1938.0,12.0,6.859999999999999,1.86,5
1939.0,1.0,6.08,1.3599999999999999,5
1939.0,2.0,8.7,3.08,5
1939.0,3.0,9.0,2.84,5
1939.0,4.0,12.14,4.42,5
1939.0,5.0,15.059999999999999,6.779999999999999,5
1939.0,6.0,18.080000000000002,8.68,5
1939.0,7.0,18.18,11.14,5
1939.0,8.0,19.580000000000002,11.8,5
1939.0,9.0,17.2,10.059999999999999,5
1939.0,10.0,11.72,5.1,5
1939.0,11.0,10.76,5.46,5
1939.0,12.0,6.16,1.9600000000000002,5
1940.0,1.0,3.0,-2.42,5
1940.0,2.0,5.26,0.7,5
1940.0,3.0,9.42,2.2600000000000002,5
1940.0,4.0,11.72,4.279999999999999,5
1940.0,5.0,16.619999999999997,7.26,5
1940.0,6.0,21.080000000000002,10.4,5
1940.0,7.0,18.32,10.28,5
1940.0,8.0,19.1,10.62,5
1940.0,9.0,16.3,8.04,5
1940.0,10.0,12.32,6.5,5
1940.0,11.0,9.440000000000001,3.96,5
1940.0,12.0,6.6,1.72,5
1941.0,1.0,2.84,-1.2,5
1941.0,2.0,6.04,0.2,5
1941.0,3.0,8.120000000000001,1.5799999999999998,5
1941.0,4.0,9.42,3.1399999999999997,5
1941.0,5.0,13.1,4.720000000000001,5
1941.0,6.0,18.580000000000002,9.64,5
1941.0,7.0,20.619999999999997,12.040000000000001,5
1941.0,8.0,17.9,10.56,5
1941.0,9.0,17.98,10.66,5
1941.0,10.0,13.52,6.68,5
1941.0,11.0,9.36,3.8,5
1941.0,12.0,8.72,3.62,5
1942.0,1.0,4.62,-0.18,5
1942.0,2.0,4.0600000000000005,-1.48,5
1942.0,3.0,8.24,1.7399999999999998,5
1942.0,4.0,12.86,4.32,5
1942.0,5.0,14.86,5.9799999999999995,5
1942.0,6.0,18.3,8.92,5
1942.0,7.0,18.82,10.66,5
1942.0,8.0,19.02,11.940000000000001,5
1942.0,9.0,16.46,9.3,5
1942.0,10.0,13.180000000000001,6.659999999999999,5
1942.0,11.0,8.74,2.5599999999999996,5
1942.0,12.0,9.16,3.72,5
1943.0,1.0,7.2,2.06,5
1943.0,2.0,9.42,2.7399999999999998,5
1943.0,3.0,10.639999999999999,2.88,5
1943.0,4.0,13.919999999999998,5.86,5
1943.0,5.0,15.819999999999999,6.24,5
1943.0,6.0,17.96,9.42,5
1943.0,7.0,19.96,10.58,5
1943.0,8.0,18.56,10.8,5
1943.0,9.0,16.48,8.620000000000001,5
1943.0,10.0,13.86,6.9,5
1943.0,11.0,9.059999999999999,3.34,5
1943.0,12.0,7.1,1.78,5
1944.0,1.0,8.8,3.02,5
1944.0,2.0,6.8,0.96,5
1944.0,3.0,9.42,1.6800000000000002,5
1944.0,4.0,13.88,5.6,5
1944.0,5.0,15.219999999999999,6.279999999999999,5
1944.0,6.0,16.7,8.620000000000001,5
1944.0,7.0,19.240000000000002,11.92,5
1944.0,8.0,20.46,11.52,5
1944.0,9.0,15.9,7.9,5
1944.0,10.0,12.08,5.819999999999999,5
1944.0,11.0,8.84,2.84,5
1944.0,12.0,6.640000000000001,1.6200000000000003,5
1945.0,1.0,3.7400000000000007,-1.94,5
1945.0,2.0,10.02,4.0200000000000005,5
1945.0,3.0,12.120000000000001,4.54,5
1945.0,4.0,13.760000000000002,5.16,5
1945.0,5.0,15.680000000000001,6.92,5
1945.0,6.0,17.84,9.8,5
1945.0,7.0,20.119999999999997,12.059999999999999,5
1945.0,8.0,19.660000000000004,11.18,5
1945.0,9.0,17.54,10.26,5
1945.0,10.0,15.059999999999999,7.9,5
1945.0,11.0,10.16,4.86,5
1945.0,12.0,8.08,2.88,5
1946.0,1.0,6.26,0.8400000000000001,5
1946.0,2.0,8.440000000000001,2.8600000000000003,5
1946.0,3.0,9.22,2.0,5
1946.0,4.0,13.76,4.9,5
1946.0,5.0,14.280000000000001,5.5,5
1946.0,6.0,16.78,8.68,5
1946.0,7.0,19.380000000000003,11.48,5
1946.0,8.0,17.880000000000003,10.059999999999999,5
1946.0,9.0,16.46,9.9,5
1946.0,10.0,12.24,6.62,5
1946.0,11.0,10.2,4.9399999999999995,5
1946.0,12.0,6.44,0.82,5
1947.0,1.0,5.24,0.32,5
1947.0,2.0,0.96,-3.0,5
1947.0,3.0,5.96,0.039999999999999994,5
1947.0,4.0,11.620000000000001,4.38,5
1947.0,5.0,16.7,7.7,5
1947.0,6.0,18.5,10.4,5
1947.0,7.0,19.76,11.98,5
1947.0,8.0,23.06,12.040000000000001,5
1947.0,9.0,18.18,9.74,5
1947.0,10.0,14.559999999999999,7.06,5
1947.0,11.0,9.680000000000001,3.78,5
1947.0,12.0,7.58,2.92,5
1948.0,1.0,7.039999999999999,1.78,5
1948.0,2.0,7.38,1.9600000000000002,5
1948.0,3.0,12.4,3.6799999999999997,5
1948.0,4.0,12.959999999999999,4.3,5
1948.0,5.0,15.520000000000001,5.46,5
1948.0,6.0,16.66,9.08,5
1948.0,7.0,19.0,10.940000000000001,5
1948.0,8.0,17.82,10.82,5
1948.0,9.0,16.580000000000002,9.620000000000001,5
1948.0,10.0,13.219999999999999,6.279999999999999,5
1948.0,11.0,10.52,4.42,5
1948.0,12.0,8.32,3.0,5
1949.0,1.0,8.3,2.3600000000000003,5
1949.0,2.0,9.18,2.3600000000000003,5
1949.0,3.0,8.76,1.8800000000000001,5
1949.0,4.0,13.5,5.56,5
1949.0,5.0,15.2,5.9399999999999995,5
1949.0,6.0,19.46,9.18,5
1949.0,7.0,20.96,11.9,5
1949.0,8.0,20.080000000000002,11.76,5
1949.0,9.0,19.240000000000002,11.3,5
1949.0,10.0,14.5,7.94,5
1949.0,11.0,9.52,3.5200000000000005,5
1949.0,12.0,8.18,2.5599999999999996,5
1950.0,1.0,7.3,2.7399999999999998,5
1950.0,2.0,7.840000000000001,1.44,5
1950.0,3.0,11.2,3.7,5
1950.0,4.0,10.86,3.2399999999999998,5
1950.0,5.0,14.3,6.56,5
1950.0,6.0,19.740000000000002,10.34,5
1950.0,7.0,19.22,11.48,5
1950.0,8.0,18.94,11.02,5
1950.0,9.0,15.62,8.9,5
1950.0,10.0,12.620000000000001,6.34,5
1950.0,11.0,8.22,2.8,5
1950.0,12.0,3.78,-0.74,5
1951.0,1.0,6.220000000000001,1.1199999999999999,5
1951.0,2.0,6.2,0.43999999999999995,5
1951.0,3.0,7.2,0.9199999999999999,5
1951.0,4.0,10.2,2.58,5
1951.0,5.0,13.02,5.4399999999999995,5
1951.0,6.0,17.28,8.379999999999999,5
1951.0,7.0,19.48,11.28,5
1951.0,8.0,17.86,10.6,5
1951.0,9.0,17.1,9.86,5
1951.0,10.0,13.419999999999998,6.18,5
1951.0,11.0,10.66,5.220000000000001,5
1951.0,12.0,8.08,2.46,5
1952.0,1.0,5.12,-0.14000000000000004,5
1952.0,2.0,6.859999999999999,0.9199999999999999,5
1952.0,3.0,9.36,3.3600000000000003,5
1952.0,4.0,13.38,4.92,5
1952.0,5.0,16.96,8.22,5
1952.0,6.0,17.619999999999997,9.24,5
1952.0,7.0,19.88,11.68,5
1952.0,8.0,18.96,11.36,5
1952.0,9.0,14.059999999999999,6.9,5
1952.0,10.0,11.98,5.74,5
1952.0,11.0,7.0200000000000005,1.6199999999999999,5
1952.0,12.0,6.08,0.78,5
1953.0,1.0,6.8,2.06,5
1953.0,2.0,7.840000000000001,2.2,5
1953.0,3.0,10.84,1.46,5
1953.0,4.0,10.879999999999999,2.58,5
1953.0,5.0,16.48,7.92,5
1953.0,6.0,17.32,9.66,5
1953.0,7.0,18.5,11.040000000000001,5
1953.0,8.0,19.4,11.3,5
1953.0,9.0,17.44,10.0,5
1953.0,10.0,13.24,6.4,5
1953.0,11.0,10.8,5.62,5
1953.0,12.0,9.14,4.2,5
1954.0,1.0,6.02,1.1800000000000002,5
1954.0,2.0,5.46,0.38,5
1954.0,3.0,8.82,2.2800000000000002,5
1954.0,4.0,11.86,3.34,5
1954.0,5.0,14.52,6.840000000000001,5
1954.0,6.0,16.14,9.260000000000002,5
1954.0,7.0,17.080000000000002,10.34,5
1954.0,8.0,17.240000000000002,10.42,5
1954.0,9.0,15.680000000000001,8.06,5
1954.0,10.0,14.14,7.94,5
1954.0,11.0,9.620000000000001,3.3,5
1954.0,12.0,8.98,3.8,5
1955.0,1.0,5.0,0.020000000000000007,5
1955.0,2.0,4.04,-1.56,5
1955.0,3.0,7.26,-0.020000000000000018,5
1955.0,4.0,13.540000000000001,4.9799999999999995,5
1955.0,5.0,13.059999999999999,5.1,5
1955.0,6.0,16.740000000000002,8.92,5
1955.0,7.0,21.82,11.52,5
1955.0,8.0,21.46,12.540000000000001,5
1955.0,9.0,17.86,9.86,5
1955.0,10.0,12.760000000000002,5.279999999999999,5
1955.0,11.0,10.1,4.92,5
1955.0,12.0,8.059999999999999,2.18,5
1956.0,1.0,6.14,0.6799999999999999,5
1956.0,2.0,4.2,-1.6600000000000001,5
1956.0,3.0,9.5,2.54,5
1956.0,4.0,10.86,2.16,5
1956.0,5.0,15.940000000000001,6.840000000000001,5
1956.0,6.0,16.36,8.459999999999999,5
1956.0,7.0,18.48,11.459999999999999,5
1956.0,8.0,16.36,9.419999999999998,5
1956.0,9.0,16.619999999999997,10.0,5
1956.0,10.0,12.78,6.16,5
1956.0,11.0,9.22,3.96,5
1956.0,12.0,8.24,3.44,5
1957.0,1.0,8.26,2.38,5
1957.0,2.0,7.88,1.6800000000000002,5
1957.0,3.0,11.86,5.54,5
1957.0,4.0,12.34,4.38,5
1957.0,5.0,14.24,5.74,5
1957.0,6.0,19.28,8.84,5
1957.0,7.0,18.52,12.040000000000001,5
1957.0,8.0,18.0,11.2,5
1957.0,9.0,15.12,8.620000000000001,5
1957.0,10.0,13.64,6.8,5
1957.0,11.0,9.0,4.0600000000000005,5
1957.0,12.0,7.459999999999999,1.98,5
1958.0,1.0,6.24,0.54,5
1958.0,2.0,7.38,1.42,5
1958.0,3.0,6.5200000000000005,0.6,5
1958.0,4.0,11.28,3.54,5
1958.0,5.0,14.180000000000001,5.96,5
1958.0,6.0,16.68,9.4,5
1958.0,7.0,18.82,11.32,5
1958.0,8.0,18.64,11.4,5
1958.0,9.0,17.96,10.940000000000001,5
1958.0,10.0,13.66,7.220000000000001,5
1958.0,11.0,9.7,4.220000000000001,5
1958.0,12.0,7.0200000000000005,2.2800000000000002,5
1959.0,1.0,4.66,-0.9600000000000002,5
1959.0,2.0,7.959999999999999,1.9600000000000002,5
1959.0,3.0,10.440000000000001,3.9200000000000004,5
1959.0,4.0,12.8,4.92,5
1959.0,5.0,16.740000000000002,7.06,5
1959.0,6.0,19.06,9.82,5
1959.0,7.0,20.7,11.9,5
1959.0,8.0,20.86,12.059999999999999,5
1959.0,9.0,19.240000000000002,9.16,5
1959.0,10.0,15.86,8.16,5
1959.0,11.0,9.86,3.94,5
1959.0,12.0,8.3,2.84,5
1960.0,1.0,6.659999999999999,1.08,5
1960.0,2.0,6.62,0.6199999999999999,5
1960.0,3.0,8.72,3.44,5
1960.0,4.0,13.14,4.84,5
1960.0,5.0,16.68,7.840000000000001,5
1960.0,6.0,19.9,10.540000000000001,5
1960.0,7.0,18.36,10.84,5
1960.0,8.0,18.259999999999998,10.379999999999999,5
1960.0,9.0,16.44,9.059999999999999,5
1960.0,10.0,12.64,7.26,5
1960.0,11.0,9.7,3.84,5
1960.0,12.0,6.34,1.28,5
1961.0,1.0,6.24,0.9400000000000001,5
1961.0,2.0,9.58,3.9400000000000004,5
1961.0,3.0,12.4,4.720000000000001,5
1961.0,4.0,12.58,5.4399999999999995,5
1961.0,5.0,14.5,6.5,5
1961.0,6.0,18.0,9.4,5
1961.0,7.0,18.16,10.580000000000002,5
1961.0,8.0,18.72,10.68,5
1961.0,9.0,18.06,10.14,5
1961.0,10.0,13.5,6.9799999999999995,5
1961.0,11.0,8.78,2.8,5
1961.0,12.0,5.16,-0.76,5
1962.0,1.0,7.3,1.3,5
1962.0,2.0,7.659999999999999,1.64,5
1962.0,3.0,6.540000000000001,-0.8800000000000001,5
1962.0,4.0,11.4,3.3,5
1962.0,5.0,13.819999999999999,5.9799999999999995,5
1962.0,6.0,17.54,8.440000000000001,5
1962.0,7.0,17.619999999999997,10.22,5
1962.0,8.0,17.46,10.0,5
1962.0,9.0,15.479999999999999,8.5,5
1962.0,10.0,13.780000000000001,7.0200000000000005,5
1962.0,11.0,8.280000000000001,2.7399999999999998,5
1962.0,12.0,5.84,-0.14000000000000004,5
1963.0,1.0,2.04,-3.0,5
1963.0,2.0,2.84,-2.58,5
1963.0,3.0,9.36,2.3,5
1963.0,4.0,11.82,4.5,5
1963.0,5.0,14.12,5.86,5
1963.0,6.0,18.1,9.84,5
1963.0,7.0,18.46,10.24,5
1963.0,8.0,17.14,10.040000000000001,5
1963.0,9.0,16.22,8.620000000000001,5
1963.0,10.0,13.7,7.220000000000001,5
1963.0,11.0,9.84,4.5200000000000005,5
1963.0,12.0,5.86,0.74,5
1964.0,1.0,6.88,1.8,5
1964.0,2.0,7.279999999999999,1.86,5
1964.0,3.0,7.0200000000000005,1.9600000000000002,5
1964.0,4.0,12.14,5.0,5
1964.0,5.0,16.580000000000002,8.16,5
1964.0,6.0,16.7,9.379999999999999,5
1964.0,7.0,19.06,11.08,5
1964.0,8.0,18.6,10.379999999999999,5
1964.0,9.0,17.740000000000002,8.82,5
1964.0,10.0,12.52,5.16,5
1964.0,11.0,10.06,4.04,5
1964.0,12.0,6.44,0.24,5
1965.0,1.0,5.92,0.5399999999999999,5
1965.0,2.0,6.220000000000001,1.1,5
1965.0,3.0,8.760000000000002,1.28,5
1965.0,4.0,11.92,3.66,5
1965.0,5.0,14.7,7.06,5
1965.0,6.0,17.86,9.76,5
1965.0,7.0,16.880000000000003,9.48,5
1965.0,8.0,18.06,10.02,5
1965.0,9.0,15.319999999999999,8.64,5
1965.0,10.0,14.0,7.0,5
1965.0,11.0,6.959999999999999,1.52,5
1965.0,12.0,6.88,1.16,5
1966.0,1.0,5.12,0.76,5
1966.0,2.0,7.279999999999999,2.62,5
1966.0,3.0,10.2,3.1399999999999997,5
1966.0,4.0,9.24,3.38,5
1966.0,5.0,15.080000000000002,6.16,5
1966.0,6.0,18.66,10.74,5
1966.0,7.0,18.36,10.459999999999999,5
1966.0,8.0,17.9,10.02,5
1966.0,9.0,17.1,9.92,5
1966.0,10.0,12.78,6.12,5
1966.0,11.0,8.02,2.42,5
1966.0,12.0,7.659999999999999,1.9,5
1967.0,1.0,6.88,2.04,5
1967.0,2.0,8.24,2.7800000000000002,5
1967.0,3.0,9.9,3.4,5
1967.0,4.0,11.6,3.9200000000000004,5
1967.0,5.0,13.52,5.779999999999999,5
1967.0,6.0,18.16,8.940000000000001,5
1967.0,7.0,19.7,11.440000000000001,5
1967.0,8.0,18.9,11.0,5
1967.0,9.0,16.619999999999997,9.36,5
1967.0,10.0,12.959999999999999,6.720000000000001,5
1967.0,11.0,8.8,2.2399999999999998,5
1967.0,12.0,6.959999999999999,1.56,5
1968.0,1.0,6.959999999999999,1.54,5
1968.0,2.0,4.9799999999999995,-1.0,5
1968.0,3.0,9.82,2.68,5
1968.0,4.0,12.18,3.3,5
1968.0,5.0,13.219999999999999,4.96,5
1968.0,6.0,18.68,9.440000000000001,5
1968.0,7.0,17.86,10.540000000000001,5
1968.0,8.0,18.639999999999997,10.66,5
1968.0,9.0,16.880000000000003,9.819999999999999,5
1968.0,10.0,14.7,9.14,5
1968.0,11.0,8.7,4.2,5
1968.0,12.0,5.720000000000001,1.28,5
1969.0,1.0,7.56,2.44,5
1969.0,2.0,3.6399999999999997,-1.6,5
1969.0,3.0,6.32,0.3,5
1969.0,4.0,11.52,2.7,5
1969.0,5.0,14.079999999999998,6.860000000000001,5
1969.0,6.0,18.16,8.620000000000001,5
1969.0,7.0,20.259999999999998,11.76,5
1969.0,8.0,19.419999999999998,12.04,5
1969.0,9.0,16.64,9.8,5
1969.0,10.0,15.64,9.02,5
1969.0,11.0,7.360000000000001,1.5,5
1969.0,12.0,6.1,1.22,5
1970.0,1.0,6.08,1.3,5
1970.0,2.0,5.7,-0.52,5
1970.0,3.0,7.359999999999999,0.36,5
1970.0,4.0,10.26,2.7,5
1970.0,5.0,16.34,7.9,5
1970.0,6.0,20.46,10.6,5
1970.0,7.0,18.080000000000002,10.64,5
1970.0,8.0,19.48,11.16,5
1970.0,9.0,17.259999999999998,10.0,5
1970.0,10.0,13.62,6.959999999999999,5
1970.0,11.0,9.6,4.0600000000000005,5
1970.0,12.0,6.859999999999999,2.08,5
1971.0,1.0,7.06,2.2399999999999998,5
1971.0,2.0,7.959999999999999,2.08,5
1971.0,3.0,8.68,2.16,5
1971.0,4.0,11.24,3.9,5
1971.0,5.0,15.579999999999998,6.640000000000001,5
1971.0,6.0,15.280000000000001,8.14,5
1971.0,7.0,20.44,11.559999999999999,5
1971.0,8.0,18.34,11.02,5
1971.0,9.0,18.14,9.3,5
1971.0,10.0,14.6,7.38,5
1971.0,11.0,9.120000000000001,3.12,5
1971.0,12.0,9.02,4.4,5
1972.0,1.0,6.175,1.575,4
1972.0,2.0,6.640000000000001,1.64,5
1972.0,3.0,9.9,2.12,5
1972.0,4.0,11.74,4.4399999999999995,5
1972.0,5.0,14.080000000000002,6.459999999999999,5
1972.0,6.0,15.280000000000001,7.640000000000001,5
1972.0,7.0,18.94,10.559999999999999,5
1972.0,8.0,18.3,10.18,5
1972.0,9.0,15.4,7.38,5
1972.0,10.0,13.6,6.6,5
1972.0,11.0,8.74,3.04,5
1972.0,12.0,8.14,2.7399999999999998,5
1973.0,1.0,7.08,2.44,5
1973.0,2.0,7.32,1.26,5
1973.0,3.0,10.36,2.6,5
1973.0,4.0,10.540000000000001,3.02,5
1973.0,5.0,14.579999999999998,6.7,5
1973.0,6.0,18.64,9.76,5
1973.0,7.0,18.880000000000003,11.24,5
1973.0,8.0,19.68,11.059999999999999,5
1973.0,9.0,17.1,9.58,5
1973.0,10.0,12.08,5.26,5
1973.0,11.0,8.620000000000001,2.8,5
1973.0,12.0,7.5200000000000005,1.86,5
1974.0,1.0,8.42,3.1,5
1974.0,2.0,7.92,2.68,5
1974.0,3.0,8.64,2.2199999999999998,5
1974.0,4.0,11.84,3.3600000000000003,5
1974.0,5.0,14.680000000000001,6.56,5
1974.0,6.0,16.96,8.82,5
1974.0,7.0,17.9,10.620000000000001,5
1974.0,8.0,18.64,10.52,5
1974.0,9.0,15.0,7.94,5
1974.0,10.0,10.379999999999999,4.8,5
1974.0,11.0,8.78,3.4,5
1974.0,12.0,9.620000000000001,4.46,5
1975.0,1.0,8.72,3.1399999999999997,5
1975.0,2.0,7.32,1.7399999999999998,5
1975.0,3.0,7.58,1.5799999999999998,5
1975.0,4.0,11.8,4.46,5
1975.0,5.0,13.26,4.9399999999999995,5
1975.0,6.0,18.82,8.66,5
1975.0,7.0,20.380000000000003,12.120000000000001,5
1975.0,8.0,22.26,12.76,5
1975.0,9.0,16.28,8.68,5
1975.0,10.0,13.2,6.7,5
1975.0,11.0,9.1,2.96,5
1975.0,12.0,8.040000000000001,2.84,5
1976.0,1.0,7.68,2.7600000000000002,5
1976.0,2.0,7.140000000000001,2.06,5
1976.0,3.0,8.08,1.92,5
1976.0,4.0,11.66,4.1,5
1976.0,5.0,15.0,7.040000000000001,5
1976.0,6.0,20.36,11.120000000000001,5
1976.0,7.0,22.0,12.219999999999999,5
1976.0,8.0,21.96,10.7,5
1976.0,9.0,15.919999999999998,9.3,5
1976.0,10.0,12.76,7.0200000000000005,5
1976.0,11.0,8.58,2.9,5
1976.0,12.0,4.32,-0.020000000000000018,5
1977.0,1.0,5.0600000000000005,0.22000000000000003,5
1977.0,2.0,6.779999999999999,1.7599999999999998,5
1977.0,3.0,9.52,3.54,5
1977.0,4.0,10.4,3.2,5
1977.0,5.0,14.16,5.4399999999999995,5
1977.0,6.0,15.940000000000001,7.7,5
1977.0,7.0,19.04,11.2,5
1977.0,8.0,18.619999999999997,10.68,5
1977.0,9.0,15.820000000000002,9.02,5
1977.0,10.0,14.02,8.26,5
1977.0,11.0,8.3,2.7199999999999998,5
1977.0,12.0,8.08,3.44,5
1978.0,1.0,5.58,0.33999999999999997,5
1978.0,2.0,5.0200000000000005,-0.34,5
1978.0,3.0,9.64,2.9799999999999995,5
1978.0,4.0,9.6,2.9,5
1978.0,5.0,15.7,6.68,5
1978.0,6.0,16.86,9.059999999999999,5
1978.0,7.0,17.62,10.42,5
1978.0,8.0,17.8,11.0,5
1978.0,9.0,16.68,10.26,5
1978.0,10.0,14.48,8.4,5
1978.0,11.0,10.78,5.08,5
1978.0,12.0,6.04,1.8,5
1979.0,1.0,3.2400000000000007,-2.56,5
1979.0,2.0,3.78,-0.62,5
1979.0,3.0,7.040000000000001,1.12,5
1979.0,4.0,10.580000000000002,3.94,5
1979.0,5.0,13.059999999999999,5.220000000000001,5
1979.0,6.0,17.5,9.58,5
1979.0,7.0,19.240000000000002,11.48,5
1979.0,8.0,17.94,10.379999999999999,5
1979.0,9.0,16.44,8.78,5
1979.0,10.0,13.84,7.659999999999999,5
1979.0,11.0,9.48,3.3,5
1979.0,12.0,7.340000000000001,2.8600000000000003,5
1980.0,1.0,5.0,0.32,5
1980.0,2.0,7.88,2.6,5
1980.0,3.0,7.6,1.5799999999999998,5
1980.0,4.0,12.74,4.64,5
1980.0,5.0,15.319999999999999,5.9399999999999995,5
1980.0,6.0,16.86,9.58,5
1980.0,7.0,17.66,10.4,5
1980.0,8.0,18.919999999999998,11.5,5
1980.0,9.0,17.44,10.8,5
1980.0,10.0,11.66,5.4,5
1980.0,11.0,8.84,4.08,5
1980.0,12.0,8.16,2.82,5
1981.0,1.0,7.44,1.7399999999999998,5
1981.0,2.0,6.08,0.9,5
1981.0,3.0,9.92,4.18,5
1981.0,4.0,11.18,3.6800000000000006,5
1981.0,5.0,14.919999999999998,7.1,5
1981.0,6.0,16.46,9.180000000000001,5
1981.0,7.0,18.68,11.26,5
1981.0,8.0,19.759999999999998,11.42,5
1981.0,9.0,17.78,10.16,5
1981.0,10.0,10.780000000000001,4.2,5
1981.0,11.0,10.16,4.220000000000001,5
1981.0,12.0,3.6,-1.7,5
1982.0,1.0,5.76,0.039999999999999945,5
1982.0,2.0,7.7,2.2800000000000002,5
1982.0,3.0,9.440000000000001,2.4,5
1982.0,4.0,12.959999999999999,4.4399999999999995,5
1982.0,5.0,15.7,6.12,5
1982.0,6.0,18.18,10.62,5
1982.0,7.0,19.96,11.620000000000001,5
1982.0,8.0,18.919999999999998,11.3,5
1982.0,9.0,17.380000000000003,9.42,5
1982.0,10.0,12.7,6.840000000000001,5
1982.0,11.0,9.52,4.4399999999999995,5
1982.0,12.0,6.959999999999999,1.3800000000000001,5
1983.0,1.0,8.68,3.3600000000000003,5
1983.0,2.0,4.720000000000001,-0.54,5
1983.0,3.0,9.4,3.54,5
1983.0,4.0,9.92,2.46,5
1983.0,5.0,13.040000000000001,6.32,5
1983.0,6.0,17.1,9.440000000000001,5
1983.0,7.0,22.94,13.1,5
1983.0,8.0,20.96,12.2,5
1983.0,9.0,16.02,9.7,5
1983.0,10.0,13.12,6.779999999999999,5
1983.0,11.0,9.9,4.76,5
1983.0,12.0,8.52,3.28,5
1984.0,1.0,5.58,0.2,5
1984.0,2.0,6.56,1.3199999999999998,5
1984.0,3.0,7.539999999999999,2.16,5
1984.0,4.0,12.74,3.5,5
1984.0,5.0,14.219999999999999,5.16,5
1984.0,6.0,18.080000000000002,9.9,5
1984.0,7.0,20.96,11.3,5
1984.0,8.0,21.1,11.92,5
1984.0,9.0,15.939999999999998,9.6,5
1984.0,10.0,13.680000000000001,7.040000000000001,5
1984.0,11.0,9.74,4.88,5
1984.0,12.0,7.88,2.42,5
1985.0,1.0,3.9,-1.1400000000000001,5
1985.0,2.0,6.04,0.020000000000000018,5
1985.0,3.0,8.040000000000001,1.34,5
1985.0,4.0,11.6,4.58,5
1985.0,5.0,13.940000000000001,6.279999999999999,5
1985.0,6.0,16.2,7.859999999999999,5
1985.0,7.0,19.080000000000002,11.5,5
1985.0,8.0,17.380000000000003,10.72,5
1985.0,9.0,17.34,10.040000000000001,5
1985.0,10.0,13.919999999999998,7.82,5
1985.0,11.0,7.08,0.9,5
1985.0,12.0,8.26,3.4,5
1986.0,1.0,5.92,0.54,5
1986.0,2.0,2.46,-2.52,5
1986.0,3.0,8.54,1.8399999999999999,5
1986.0,4.0,9.120000000000001,2.12,5
1986.0,5.0,14.34,7.0200000000000005,5
1986.0,6.0,18.32,9.360000000000001,5
1986.0,7.0,18.78,11.32,5
1986.0,8.0,16.34,9.219999999999999,5
1986.0,9.0,15.680000000000001,7.2,5
1986.0,10.0,13.719999999999999,7.0,5
1986.0,11.0,10.48,4.36,5
1986.0,12.0,8.16,2.84,5
1987.0,1.0,4.14,-0.48,5
1987.0,2.0,7.0200000000000005,0.64,5
1987.0,3.0,7.6,1.04,5
1987.0,4.0,13.459999999999999,5.5200000000000005,5
1987.0,5.0,13.88,5.680000000000001,5
1987.0,6.0,15.5,8.5,5
1987.0,7.0,19.04,11.6,5
1987.0,8.0,18.580000000000002,11.36,5
1987.0,9.0,16.619999999999997,9.08,5
1987.0,10.0,12.24,5.5200000000000005,5
1987.0,11.0,8.959999999999999,4.0600000000000005,5
1987.0,12.0,8.1,3.22,5
1988.0,1.0,7.18,2.12,5
1988.0,2.0,7.539999999999999,1.92,5
1988.0,3.0,9.22,2.7600000000000002,5
1988.0,4.0,11.58,4.459999999999999,5
1988.0,5.0,15.36,6.720000000000001,5
1988.0,6.0,18.0,9.92,5
1988.0,7.0,17.54,10.879999999999999,5
1988.0,8.0,18.46,10.9,5
1988.0,9.0,16.18,9.42,5
1988.0,10.0,13.02,6.92,5
1988.0,11.0,9.1,2.58,5
1988.0,12.0,9.879999999999999,5.040000000000001,5
1989.0,1.0,9.42,3.88,5
1989.0,2.0,8.879999999999999,2.42,5
1989.0,3.0,10.52,3.1399999999999997,5
1989.0,4.0,9.919999999999998,2.66,5
1989.0,5.0,16.88,7.2,5
1989.0,6.0,18.56,9.08,5
1989.0,7.0,22.22,12.34,5
1989.0,8.0,19.7,11.36,5
1989.0,9.0,17.34,9.639999999999999,5
1989.0,10.0,14.24,7.960000000000001,5
1989.0,11.0,9.18,3.56,5
1989.0,12.0,7.0200000000000005,1.9799999999999998,5
1990.0,1.0,8.940000000000001,3.34,5
1990.0,2.0,9.32,3.4799999999999995,5
1990.0,3.0,11.5,4.7,5
1990.0,4.0,12.239999999999998,3.3200000000000003,5
1990.0,5.0,16.8,7.140000000000001,5
1990.0,6.0,16.84,9.440000000000001,5
1990.0,7.0,20.68,11.120000000000001,5
1990.0,8.0,21.1,12.68,5
1990.0,9.0,16.3,8.5,5
1990.0,10.0,13.98,8.26,5
1990.0,11.0,9.18,4.0,5
1990.0,12.0,7.159999999999999,1.8800000000000001,5
1991.0,1.0,6.08,0.6199999999999999,5
1991.0,2.0,5.38,-0.38,5
1991.0,3.0,10.559999999999999,4.38,5
1991.0,4.0,11.1,4.18,5
1991.0,5.0,14.3,7.06,5
1991.0,6.0,15.319999999999999,7.82,5
1991.0,7.0,20.56,12.66,5
1991.0,8.0,20.68,12.18,5
1991.0,9.0,18.1,9.120000000000001,5
1991.0,10.0,12.440000000000001,6.720000000000001,5
1991.0,11.0,9.32,3.46,5
1991.0,12.0,8.14,2.38,5
1992.0,1.0,7.040000000000001,1.78,5
1992.0,2.0,8.86,2.52,5
1992.0,3.0,10.059999999999999,3.7600000000000002,5
1992.0,4.0,11.64,4.88,5
1992.0,5.0,17.22,7.82,5
1992.0,6.0,19.4,10.6,5
1992.0,7.0,18.94,11.66,5
1992.0,8.0,18.14,10.860000000000001,5
1992.0,9.0,15.66,8.98,5
1992.0,10.0,10.58,4.36,5
1992.0,11.0,9.86,3.6599999999999993,5
1992.0,12.0,6.540000000000001,1.1199999999999999,5
1993.0,1.0,8.379999999999999,2.2800000000000002,5
1993.0,2.0,7.9799999999999995,3.2600000000000002,5
1993.0,3.0,9.92,2.9,5
1993.0,4.0,12.14,5.46,5
1993.0,5.0,14.4,6.62,5
1993.0,6.0,17.86,10.02,5
1993.0,7.0,18.02,10.940000000000001,5
1993.0,8.0,17.919999999999998,10.0,5
1993.0,9.0,15.325,8.575,4
1993.0,10.0,10.940000000000001,5.1,5
1993.0,11.0,7.5,2.38,5
1993.0,12.0,7.039999999999999,2.08,5
1994.0,1.0,7.340000000000001,1.9,5
1994.0,2.0,5.66,0.36,5
1994.0,3.0,9.879999999999999,3.6399999999999997,5
1994.0,4.0,11.28,4.04,5
1994.0,5.0,13.440000000000001,6.1,5
1994.0,6.0,17.48,9.620000000000001,5
1994.0,7.0,21.06,11.98,5
1994.0,8.0,18.419999999999998,11.02,5
1994.0,9.0,15.3,8.74,5
1994.0,10.0,12.86,6.220000000000001,5
1994.0,11.0,11.879999999999999,6.7,5
1994.0,12.0,8.78,3.1399999999999997,5
1995.0,1.0,7.0,1.3,5
1995.0,2.0,8.620000000000001,2.9,5
1995.0,3.0,8.540000000000001,1.54,5
1995.0,4.0,12.379999999999999,4.5600000000000005,5
1995.0,5.0,15.24,6.62,5
1995.0,6.0,17.8,9.18,5
1995.0,7.0,21.8,12.6,5
1995.0,8.0,23.119999999999997,12.48,5
1995.0,9.0,16.7,9.459999999999999,5
1995.0,10.0,15.5,8.86,5
1995.0,11.0,10.48,4.9799999999999995,5
1995.0,12.0,4.9399999999999995,0.3,5
1996.0,1.0,6.525,3.175,4
1996.0,2.0,6.125,0.0,4
1996.0,3.0,6.65,2.15,4
1996.0,4.0,12.16,4.5200000000000005,5
1996.0,5.0,12.76,4.720000000000001,5
1996.0,6.0,17.425,8.85,4
1996.0,7.0,19.0,10.775,4
1996.0,8.0,19.15,11.25,4
1996.0,9.0,16.55,9.45,4
1996.0,10.0,13.825,7.45,4
1996.0,11.0,8.1,2.3,4
1996.0,12.0,5.8,0.975,4
1997.0,1.0,5.9399999999999995,0.9,5
1997.0,2.0,9.28,3.02,5
1997.0,3.0,11.3,4.55,4
1997.0,4.0,12.375,4.85,4
1997.0,5.0,14.55,6.175000000000001,4
1997.0,6.0,15.95,9.25,4
1997.0,7.0,19.85,11.675,4
1997.0,8.0,21.25,12.975,4
1997.0,9.0,17.119999999999997,9.42,5
1997.0,10.0,13.36,6.459999999999999,5
1997.0,11.0,10.879999999999999,5.959999999999999,5
1997.0,12.0,8.6,3.54,5
1998.0,1.0,7.5200000000000005,2.48,5
1998.0,2.0,10.82,4.84,5
1998.0,3.0,10.68,4.42,5
1998.0,4.0,10.68,4.04,5
1998.0,5.0,16.16,7.959999999999999,5
1998.0,6.0,16.7,9.68,5
1998.0,7.0,18.36,11.3,5
1998.0,8.0,19.18,11.34,5
1998.0,9.0,17.32,10.8,5
1998.0,10.0,12.84,6.840000000000001,5
1998.0,11.0,8.98,3.04,5
1998.0,12.0,8.620000000000001,2.7800000000000002,5
1999.0,1.0,7.9,2.52,5
1999.0,2.0,7.9799999999999995,2.2399999999999998,5
1999.0,3.0,10.34,3.8,5
1999.0,4.0,12.819999999999999,5.34,5
1999.0,5.0,15.940000000000001,8.36,5
1999.0,6.0,16.9,9.24,5
1999.0,7.0,20.919999999999998,12.24,5
1999.0,8.0,19.16,11.66,5
1999.0,9.0,18.68,11.18,5
1999.0,10.0,13.7,7.575,4
1999.0,11.0,10.3,4.925,4
1999.0,12.0,7.300000000000001,1.65,4
2000.0,1.0,7.925,2.55,4
2000.0,2.0,8.975,3.0749999999999997,4
2000.0,3.0,10.74,4.12,5
2000.0,4.0,10.959999999999999,3.84,5
2000.0,5.0,15.66,7.06,5
2000.0,6.0,17.6,10.14,5
2000.0,7.0,18.54,11.080000000000002,5
2000.0,8.0,20.22,11.84,5
2000.0,9.0,17.520000000000003,10.66,5
2000.0,10.0,13.1,7.12,5
2000.0,11.0,9.26,3.8200000000000003,5
2000.0,12.0,7.5,3.2,5
2001.0,1.0,6.0200000000000005,0.62,5
2001.0,2.0,7.74,0.86,5
2001.0,3.0,8.059999999999999,1.6199999999999999,5
2001.0,4.0,11.16,3.8,5
2001.0,5.0,16.86,7.3,5
2001.0,6.0,17.28,9.440000000000001,5
2001.0,7.0,19.8,12.120000000000001,5
2001.0,8.0,19.975,12.1,4
2001.0,9.0,16.25,9.925,4
2001.0,10.0,15.4,10.15,4
2001.0,11.0,10.775,4.55,4
2001.0,12.0,6.9,0.82,5
2002.0,1.0,8.76,3.1,5
2002.0,2.0,9.459999999999999,3.22,5
2002.0,3.0,10.98,3.84,5
2002.0,4.0,13.3,5.0,5
2002.0,5.0,15.4,7.7,5
2002.0,6.0,17.72,10.28,5
2002.0,7.0,18.919999999999998,11.14,5
2002.0,8.0,20.119999999999997,12.48,5
2002.0,9.0,17.64,10.02,5
2002.0,10.0,12.74,6.279999999999999,5
2002.0,11.0,10.6,5.74,5
2002.0,12.0,7.38,3.46,5
2003.0,1.0,7.279999999999999,2.1,5
2003.0,2.0,7.639999999999999,0.82,5
2003.0,3.0,11.98,2.7800000000000002,5
2003.0,4.0,14.24,5.1,5
2003.0,5.0,15.48,7.58,5
2003.0,6.0,19.44,11.16,5
2003.0,7.0,20.72,13.02,5
2003.0,8.0,21.54,12.5,5
2003.0,9.0,19.125,9.05,4
2003.0,10.0,12.65,5.125,4
2003.0,11.0,11.125,5.225,4
2003.0,12.0,8.040000000000001,1.92,5
2004.0,1.0,7.82,2.68,5
2004.0,2.0,8.42,2.3600000000000003,5
2004.0,3.0,10.26,3.3600000000000003,5
2004.0,4.0,13.02,5.94,5
2004.0,5.0,16.2,7.675,4
2004.0,6.0,18.86,10.959999999999999,5
2004.0,7.0,19.1,11.4,5
2004.0,8.0,20.44,12.959999999999999,5
2004.0,9.0,17.6,10.559999999999999,5
2004.0,10.0,12.88,7.0200000000000005,5
2004.0,11.0,10.32,5.42,5
2004.0,12.0,8.680000000000001,2.92,5
2005.0,1.0,8.72,3.34,5
2005.0,2.0,7.220000000000001,1.9200000000000004,5
2005.0,3.0,10.219999999999999,4.24,5
2005.0,4.0,12.379999999999999,4.8,5
2005.0,5.0,14.98,6.4799999999999995,5
2005.0,6.0,18.740000000000002,10.74,5
2005.0,7.0,19.520000000000003,12.2,5
2005.0,8.0,19.825,11.75,4
2005.0,9.0,18.175,10.925,4
2005.0,10.0,15.059999999999999,9.46,5
2005.0,11.0,9.72,3.2,5
2005.0,12.0,7.959999999999999,2.46,5
2006.0,1.0,7.279999999999999,2.32,5
2006.0,2.0,7.279999999999999,1.52,5
2006.0,3.0,8.0,1.6800000000000002,5
2006.0,4.0,12.040000000000001,4.38,5
2006.0,5.0,15.319999999999999,7.08,5
2006.0,6.0,20.080000000000002,10.66,5
2006.0,7.0,23.7,13.4,5
2006.0,8.0,19.22,12.14,5
2006.0,9.0,19.68,12.2,5
2006.0,10.0,15.5,9.319999999999999,5
2006.0,11.0,11.040000000000001,4.76,5
2006.0,12.0,8.78,3.8,5
2007.0,1.0,9.5,3.8200000000000003,5
2007.0,2.0,8.879999999999999,3.06,5
2007.0,3.0,10.540000000000001,3.46,5
2007.0,4.0,15.66,6.32,5
2007.0,5.0,15.319999999999999,7.0,5
2007.0,6.0,17.9,10.4,5
2007.0,7.0,18.62,11.48,5
2007.0,8.0,19.04,11.379999999999999,5
2007.0,9.0,17.1,9.7,5
2007.0,10.0,14.38,7.76,5
2007.0,11.0,10.620000000000001,4.84,5
2007.0,12.0,8.040000000000001,2.46,5
2008.0,1.0,8.7,3.38,5
2008.0,2.0,9.540000000000001,1.54,5
2008.0,3.0,9.32,2.5,5
2008.0,4.0,11.35,3.8,4
2008.0,5.0,16.5,7.949999999999999,4
2008.0,6.0,17.84,9.78,5
2008.0,7.0,19.9,12.08,5
2008.0,8.0,19.04,12.74,5
2008.0,9.0,16.325,9.525,4
2008.0,10.0,12.74,5.779999999999999,5
2008.0,11.0,9.34,4.38,5
2008.0,12.0,6.82,1.4,5
2009.0,1.0,6.5200000000000005,1.2200000000000002,5
2009.0,2.0,7.540000000000001,2.38,5
2009.0,3.0,10.879999999999999,3.3200000000000003,5
2009.0,4.0,14.35,5.45,4
2009.0,5.0,15.919999999999998,7.38,5
2009.0,6.0,18.825,9.525,4
2009.0,7.0,19.839999999999996,12.16,5
2009.0,8.0,19.84,12.42,5
2009.0,9.0,17.68,10.24,5
2009.0,10.0,14.4,7.94,5
2009.0,11.0,10.72,5.3,5
2009.0,12.0,6.0,0.68,5
2010.0,1.0,4.5,-0.32,5
2010.0,2.0,5.5600000000000005,0.03999999999999998,5
2010.0,3.0,10.059999999999999,2.44,5
2010.0,4.0,13.540000000000001,4.4399999999999995,5
2010.0,5.0,15.1,6.3,5
2010.0,6.0,19.759999999999998,10.459999999999999,5
2010.0,7.0,20.18,12.620000000000001,5
2010.0,8.0,18.880000000000003,10.9,5
2010.0,9.0,17.32,10.120000000000001,5
2010.0,10.0,13.4,6.9,5
2010.0,11.0,7.82,2.2600000000000002,5
2010.0,12.0,3.2399999999999998,-2.4,5
2011.0,1.0,6.640000000000001,1.3800000000000001,5
2011.0,2.0,9.22,3.62,5
2011.0,3.0,10.3,2.85,4
2011.0,4.0,16.5,6.840000000000001,5
2011.0,5.0,15.940000000000001,7.88,5
2011.0,6.0,17.68,9.24,5
2011.0,7.0,19.240000000000002,10.540000000000001,5
2011.0,8.0,18.7,10.940000000000001,5
2011.0,9.0,18.14,10.78,5
2011.0,10.0,14.35,8.375,4
2011.0,11.0,12.18,6.44,5
2011.0,12.0,8.14,2.7399999999999998,5
2012.0,1.0,8.34,2.92,5
2012.0,2.0,8.24,2.7600000000000002,5
2012.0,3.0,13.0,4.4799999999999995,5
2012.0,4.0,10.9,3.7,4
2012.0,5.0,15.52,7.0200000000000005,5
2012.0,6.0,16.48,9.68,5
2012.0,7.0,17.825,10.925,4
2012.0,8.0,19.375,11.875,4
2012.0,9.0,16.025,8.925,4
2012.0,10.0,12.26,5.36,5
2012.0,11.0,9.3,3.56,5
2012.0,12.0,7.42,1.9,5
2013.0,1.0,6.5,1.94,5
2013.0,2.0,6.5200000000000005,0.82,5
2013.0,3.0,5.74,0.32,5
2013.0,4.0,11.24,3.3600000000000003,5
2013.0,5.0,14.559999999999999,6.220000000000001,5
2013.0,6.0,17.9,9.559999999999999,5
2013.0,7.0,22.78,13.080000000000002,5
2013.0,8.0,20.32,12.379999999999999,5
2013.0,9.0,17.119999999999997,9.559999999999999,5
2013.0,10.0,14.66,8.9,5
2013.0,11.0,9.36,3.3199999999999994,5
2013.0,12.0,9.2,3.66,5
2014.0,1.0,7.9,2.98,5
2014.0,2.0,8.52,3.1399999999999997,5
2014.0,3.0,11.1,3.6799999999999997,5
2014.0,4.0,13.45,6.15,4
2014.0,5.0,14.966666666666669,7.8999999999999995,3
2014.0,6.0,19.05,11.075000000000001,4
2014.0,7.0,22.025,12.625,4
2014.0,8.0,18.650000000000002,10.925,4
2014.0,9.0,18.44,10.2,5
2014.0,10.0,14.780000000000001,8.059999999999999,5
2014.0,11.0,10.84,5.140000000000001,5
2014.0,12.0,8.0,2.18,5
2015.0,1.0,7.280000000000001,1.44,5
2015.0,2.0,7.459999999999999,1.3800000000000001,5
2015.0,3.0,10.0,2.52,5
2015.0,4.0,13.62,3.8,5
2015.0,5.0,14.24,6.44,5
2015.0,6.0,17.880000000000003,8.9,5
2015.0,7.0,19.240000000000002,11.02,5
2015.0,8.0,19.16,11.5,5
2015.0,9.0,16.66,8.58,5
2015.0,10.0,14.2,7.24,5
2015.0,11.0,11.68,6.04,5
2015.0,12.0,11.26,5.5600000000000005,5
2016.0,1.0,8.1,2.84,5
2016.0,2.0,7.92,1.52,5
2016.0,3.0,9.7,2.7199999999999998,5
2016.0,4.0,11.24,3.38,5
2016.0,5.0,16.119999999999997,7.4799999999999995,5
2016.0,6.0,18.119999999999997,10.7,5
2016.0,7.0,20.04,12.36,5
2016.0,8.0,20.18,12.34,5
2016.0,9.0,18.72,11.74,5
2016.0,10.0,13.98,7.3,5
2016.0,11.0,8.7,2.84,5
2016.0,12.0,9.6,3.88,5
2017.0,1.0,7.4799999999999995,2.06,5
2017.0,2.0,8.8,3.525,4
2017.0,3.0,11.879999999999999,4.64,5
2017.0,4.0,13.059999999999999,4.9799999999999995,5
2017.0,5.0,17.419999999999998,8.459999999999999,5
2017.0,6.0,19.16,11.5,5
2017.0,7.0,20.02,11.8,5
2017.0,8.0,19.2,11.52,5
2017.0,9.0,16.82,9.860000000000001,5
2017.0,10.0,14.55,8.8,4
2017.0,11.0,9.459999999999999,3.6399999999999997,5
2017.0,12.0,7.659999999999999,2.3600000000000003,5
2018.0,1.0,7.3,2.2,5
2018.0,2.0,6.16,0.34,5
2018.0,3.0,7.839999999999999,1.7,5
2018.0,4.0,12.775,5.85,4
2018.0,5.0,17.75,8.1,4
2018.0,6.0,20.4,10.620000000000001,5
2018.0,7.0,22.925,12.925,4
2018.0,8.0,19.225,11.875,4
2018.0,9.0,17.2,9.239999999999998,5
2018.0,10.0,13.95,6.75,4
2018.0,11.0,10.725,5.55,4
2018.0,12.0,9.1,3.925,4
2019.0,1.0,7.18,1.92,5
2019.0,2.0,10.84,3.08,5
2019.0,3.0,11.0,4.32,5
2019.0,4.0,13.62,4.64,5
2019.0,5.0,15.38,6.62,5
2019.0,6.0,17.78,9.86,5
2019.0,7.0,21.46,13.12,5
2019.0,8.0,20.56,12.639999999999999,5
2019.0,9.0,17.94,9.879999999999999,5
2019.0,10.0,12.74,6.44,5
2019.0,11.0,8.6,3.66,5
2019.0,12.0,8.459999999999999,3.38,5
2020.0,1.0,9.1,3.8200000000000003,5
2020.0,2.0,8.74,2.66,5
2020.0,3.0,10.22,2.6,5
2020.0,4.0,14.88,4.86,5
2020.0,5.0,17.52,7.140000000000001,5
2020.0,6.0,18.6,10.58,5
2020.0,7.0,19.02,11.36,5
2020.0,8.0,20.1,12.620000000000001,5
2020.0,9.0,17.619999999999997,9.7,5
2020.0,10.0,13.02,7.1,5
2020.0,11.0,11.16,5.54,5
2020.0,12.0,7.44,2.7399999999999998,5
2021.0,1.0,5.7,0.4800000000000001,5
2021.0,2.0,7.9,2.38,5
2021.0,3.0,10.78,4.1,5
2021.0,4.0,11.6,1.72,5
2021.0,5.0,14.075,5.875,4
2021.0,6.0,19.325,10.875,4
2021.0,7.0,21.2,13.275,4
2021.0,8.0,19.2,12.35,4
2021.0,9.0,19.25,11.775,4
2021.0,10.0,14.575,8.625,4
2021.0,11.0,10.6,4.975,4
2021.0,12.0,8.375,3.375,4
2022.0,1.0,8.5,2.45,4
2022.0,2.0,9.425,3.025,4
2022.0,3.0,11.8,3.46,5
2022.0,4.0,13.2,4.62,5
2022.0,5.0,16.619999999999997,8.84,5
2022.0,6.0,19.0,10.440000000000001,5
2022.0,7.0,21.8,13.12,5
2022.0,8.0,22.22,12.52,5
2022.0,9.0,18.0,10.54,5
2022.0,10.0,15.319999999999999,9.0,5
2022.0,11.0,11.46,6.540000000000001,5
2022.0,12.0,6.58,1.1199999999999999,5
2023.0,1.0,7.9799999999999995,2.46,5
2023.0,2.0,9.959999999999999,3.8200000000000003,5
2023.0,3.0,9.8,3.3600000000000003,5
2023.0,4.0,12.58,4.88,5
2023.0,5.0,16.725,8.15,4
2023.0,6.0,21.28,11.559999999999999,5
2023.0,7.0,19.28,12.02,5
2023.0,8.0,19.200000000000003,12.15,4
2023.0,9.0,19.6,11.68,5
2023.0,10.0,14.52,8.32,5
2023.0,11.0,10.040000000000001,4.42,5
2023.0,12.0,9.02,4.18,5
