year_month,maxt,mint
1900-01-01,66.65420560747664,46.39719626168224
1900-02-01,71.04188481675392,48.78534031413613
1900-03-01,74.5668202764977,53.8479262672811
1900-04-01,82.12857142857143,57.9
1900-05-01,85.77314814814815,65.75462962962963
1900-06-01,89.08571428571429,70.57142857142857
1900-07-01,92.19815668202764,72.31797235023042
1900-08-01,93.21198156682027,71.92165898617512
1900-09-01,89.91387559808612,71.61722488038278
1900-10-01,85.47004608294931,67.28571428571429
1900-11-01,76.01913875598086,52.44019138755981
1900-12-01,68.55191256830601,49.42622950819672
1901-01-01,69.63586956521739,45.869565217391305
1901-02-01,68.44295302013423,44.12751677852349
1901-03-01,75.45794392523365,49.76168224299065
1901-04-01,78.42134831460675,51.57865168539326
1901-05-01,88.34408602150538,62.6505376344086
1901-06-01,89.00653594771242,69.50980392156863
1901-07-01,91.65053763440861,72.60215053763442
1901-08-01,90.3444976076555,71.47846889952153
1901-09-01,88.35099337748345,71.1523178807947
1901-10-01,82.43478260869566,62.875
1901-11-01,71.11274509803921,47.720588235294116
1901-12-01,69.76756756756757,45.58918918918919
1902-01-01,69.13524590163935,43.23360655737705
1902-02-01,66.48868778280543,44.67420814479638
1902-03-01,77.10612244897959,55.53061224489796
1902-04-01,81.96172248803828,56.282296650717704
1902-05-01,90.1497975708502,66.41295546558705
1902-06-01,90.88888888888889,70.84656084656085
1902-07-01,92.05150214592274,71.75965665236052
1902-08-01,91.3508064516129,72.21370967741936
1902-09-01,88.32217573221757,71.10878661087867
1902-10-01,83.91244239631337,66.82949308755761
1902-11-01,79.13942307692308,60.33173076923077
1902-12-01,72.13824884792626,50.354838709677416
1903-01-01,68.92165898617512,50.02304147465438
1903-02-01,75.27802690582959,54.04932735426009
1903-03-01,80.1975806451613,61.5
1903-04-01,79.63333333333334,55.51428571428571
1903-05-01,84.93518518518519,63.851851851851855
1903-06-01,88.98642533936652,69.1131221719457
1903-07-01,90.77016129032258,71.33870967741936
1903-08-01,91.68202764976958,73.0184331797235
1903-09-01,87.47899159663865,68.84033613445378
1903-10-01,81.28971962616822,60.299065420560744
1903-11-01,73.51196172248804,52.61244019138756
1903-12-01,67.02024291497976,40.40890688259109
1904-01-01,66.62037037037037,45.80555555555556
1904-02-01,74.66379310344827,50.23275862068966
1904-03-01,80.50691244239631,55.935483870967744
1904-04-01,82.01913875598086,56.55980861244019
1904-05-01,89.04032258064517,62.90725806451613
1904-06-01,90.2,68.24166666666666
1904-07-01,90.41532258064517,69.49193548387096
1904-08-01,90.25409836065573,70.2172131147541
1904-09-01,89.21890547263682,69.40796019900498
1904-10-01,82.98617511520737,63.995391705069125
1904-11-01,72.73059360730593,51.31050228310502
1904-12-01,70.3644859813084,47.44859813084112
1905-01-01,65.80408163265307,41.881632653061224
1905-02-01,71.41255605381166,49.71300448430493
1905-03-01,79.4758064516129,56.096774193548384
1905-04-01,81.74008810572687,59.48898678414097
1905-05-01,90.38461538461539,68.08502024291498
1905-06-01,91.07142857142857,69.4095238095238
1905-07-01,91.17289719626169,71.66355140186916
1905-08-01,89.1574074074074,72.25
1905-09-01,89.81904761904762,71.25238095238095
1905-10-01,83.58064516129032,64.47465437788019
1905-11-01,78.2375,55.2
1905-12-01,69.39917695473251,50.77366255144033
1906-01-01,69.95102040816326,49.840816326530614
1906-02-01,71.20982142857143,49.799107142857146
1906-03-01,75.82786885245902,52.01229508196721
1906-04-01,83.18333333333334,57.88333333333333
1906-05-01,86.1188524590164,65.64344262295081
1906-06-01,90.3375,70.67916666666666
1906-07-01,89.34412955465586,71.9919028340081
1906-08-01,89.65182186234817,72.08906882591093
1906-09-01,90.29583333333333,71.35416666666667
1906-10-01,81.88306451612904,62.87096774193548
1906-11-01,79.06666666666666,56.37619047619047
1906-12-01,73.44239631336406,47.94930875576037
1907-01-01,77.35023041474655,51.105990783410135
1907-02-01,74.31840796019901,47.67164179104478
1907-03-01,85.76518218623482,59.012145748987855
1907-04-01,82.0546218487395,56.609243697478995
1907-05-01,88.95020746887967,65.77178423236515
1907-06-01,90.2451923076923,67.65865384615384
1907-07-01,89.78801843317973,71.48387096774194
1907-08-01,90.32407407407408,71.12037037037037
1907-09-01,88.92340425531916,70.7404255319149
1907-10-01,83.54838709677419,60.62903225806452
1907-11-01,77.55648535564853,54.99581589958159
1907-12-01,71.6008064516129,49.024193548387096
1908-01-01,69.8125,47.141666666666666
1908-02-01,69.67248908296943,46.301310043668124
1908-03-01,82.418410041841,57.36401673640167
1908-04-01,87.23444976076556,65.16267942583733
1908-05-01,88.7673469387755,64.16326530612245
1908-06-01,90.06190476190476,68.49047619047619
1908-07-01,90.97222222222223,70.81481481481481
1908-08-01,90.40860215053763,71.52150537634408
1908-09-01,87.98571428571428,70.08095238095238
1908-10-01,80.99574468085106,60.46382978723404
1908-11-01,77.0748898678414,54.48458149779736
1908-12-01,75.1869918699187,51.926829268292686
1909-01-01,73.97560975609755,53.43089430894309
1909-02-01,74.19004524886878,47.755656108597286
1909-03-01,79.80645161290323,54.953917050691246
1909-04-01,84.19047619047619,60.595238095238095
1909-05-01,87.22540983606558,64.39344262295081
1909-06-01,90.92436974789916,70.63025210084034
1909-07-01,88.75,71.79032258064517
1909-08-01,90.05645161290323,72.96774193548387
1909-09-01,88.41904761904762,69.51904761904763
1909-10-01,83.04435483870968,60.108870967741936
1909-11-01,79.34166666666667,53.28333333333333
1909-12-01,68.12396694214875,44.52892561983471
1910-01-01,69.81632653061224,44.412244897959184
1910-02-01,71.5475113122172,47.542986425339365
1910-03-01,78.71774193548387,51.99193548387097
1910-04-01,82.50847457627118,54.66525423728814
1910-05-01,87.86266094420601,63.708154506437765
1910-06-01,88.82008368200837,68.69456066945607
1910-07-01,89.23376623376623,70.2987012987013
1910-08-01,88.5668202764977,71.61290322580645
1910-09-01,88.96860986547085,68.71748878923766
1910-10-01,82.1896551724138,64.32758620689656
1910-11-01,73.7412935323383,49.09950248756219
1910-12-01,66.49382716049382,41.74074074074074
1911-01-01,74.23170731707317,50.6910569105691
1911-02-01,76.75510204081633,51.27040816326531
1911-03-01,79.67592592592592,54.93981481481482
1911-04-01,84.99159663865547,62.10084033613445
1911-05-01,86.46370967741936,63.439516129032256
1911-06-01,92.65833333333333,69.85
1911-07-01,90.70042194092827,70.82278481012658
1911-08-01,88.7926267281106,71.3778801843318
1911-09-01,90.51196172248804,70.43062200956938
1911-10-01,86.65727699530517,67.97183098591549
1911-11-01,77.03349282296651,59.20574162679426
1911-12-01,74.84210526315789,55.004784688995215
1912-01-01,68.86175115207374,48.94009216589862
1912-02-01,67.47887323943662,44.610328638497656
1912-03-01,78.58064516129032,56.79838709677419
1912-04-01,84.68487394957984,63.142857142857146
1912-05-01,87.59670781893004,68.00411522633745
1912-06-01,86.88412017167381,70.43347639484979
1912-07-01,90.41935483870968,72.44354838709677
1912-08-01,90.20408163265306,71.70204081632653
1912-09-01,88.2928870292887,71.81589958158996
1912-10-01,84.33870967741936,66.41935483870968
1912-11-01,73.60833333333333,51.72083333333333
1912-12-01,73.91869918699187,54.199186991869915
1913-01-01,77.275,57.11666666666667
1913-02-01,72.89150943396227,52.85849056603774
1913-03-01,79.3640350877193,60.01315789473684
1913-04-01,80.77669902912622,56.72330097087379
1913-05-01,86.5,62.13306451612903
1913-06-01,89.39712918660287,67.04306220095694
1913-07-01,91.89400921658986,70.95852534562212
1913-08-01,89.67592592592592,70.94907407407408
1913-09-01,88.0909090909091,68.4066985645933
1913-10-01,82.0552995391705,58.8294930875576
1913-11-01,77.10526315789474,55.25358851674641
1913-12-01,71.25806451612904,51.47926267281106
1914-01-01,69.26976744186047,47.818604651162794
1914-02-01,71.23148148148148,50.032407407407405
1914-03-01,73.38709677419355,47.645161290322584
1914-04-01,82.71666666666667,59.61666666666667
1914-05-01,88.25806451612904,64.23387096774194
1914-06-01,92.0460251046025,70.2887029288703
1914-07-01,90.98617511520737,71.19354838709677
1914-08-01,92.0625,70.85267857142857
1914-09-01,87.4602510460251,68.36820083682008
1914-10-01,82.95951417004049,63.24291497975708
1914-11-01,74.89583333333333,53.7375
1914-12-01,69.38709677419355,51.93087557603687
1915-01-01,67.6869918699187,48.479674796747965
1915-02-01,69.71748878923766,49.237668161434975
1915-03-01,68.52845528455285,46.13008130081301
1915-04-01,79.99107142857143,55.11607142857143
1915-05-01,89.23790322580645,68.25403225806451
1915-06-01,90.89958158995816,69.99163179916317
1915-07-01,91.1336032388664,72.20647773279352
1915-08-01,92.10483870967742,72.375
1915-09-01,90.31277533039648,71.2466960352423
1915-10-01,84.05777777777777,66.5911111111111
1915-11-01,78.85853658536585,56.014634146341464
1915-12-01,68.54435483870968,43.45967741935484
1916-01-01,76.44534412955466,54.62348178137652
1916-02-01,72.99565217391304,47.96086956521739
1916-03-01,76.27016129032258,48.54032258064516
1916-04-01,81.8744769874477,55.80334728033473
1916-05-01,88.02834008097166,65.3076923076923
1916-06-01,89.2887029288703,68.41004184100419
1916-07-01,90.38056680161944,71.90688259109312
1916-08-01,90.80184331797236,70.75115207373273
1916-09-01,87.61428571428571,68.39047619047619
1916-10-01,82.42272727272727,64.2909090909091
1916-11-01,75.95744680851064,53.66382978723404
1916-12-01,72.20901639344262,49.34016393442623
1917-01-01,75.57786885245902,52.717213114754095
1917-02-01,72.48636363636363,47.25909090909091
1917-03-01,80.8739837398374,55.548780487804876
1917-04-01,83.28085106382979,57.136170212765954
1917-05-01,86.11522633744856,61.15637860082305
1917-06-01,90.36363636363636,67.53588516746412
1917-07-01,90.54166666666667,71.5
1917-08-01,89.70967741935483,71.7741935483871
1917-09-01,86.36363636363636,69.67942583732058
1917-10-01,81.1188524590164,60.885245901639344
1917-11-01,72.19583333333334,48.5
1917-12-01,66.53629032258064,43.314516129032256
1918-01-01,65.87044534412955,42.51821862348178
1918-02-01,78.44594594594595,55.072072072072075
1918-03-01,81.20647773279352,58.1578947368421
1918-04-01,80.59583333333333,57.983333333333334
1918-05-01,86.54435483870968,63.00806451612903
1918-06-01,91.21757322175732,69.83682008368201
1918-07-01,90.42914979757084,69.84615384615384
1918-08-01,92.14096916299559,70.17180616740089
1918-09-01,88.02100840336135,67.47058823529412
1918-10-01,85.98380566801619,67.61133603238866
1918-11-01,76.27142857142857,53.233333333333334
1918-12-01,70.22672064777328,51.036437246963565
1919-01-01,69.30364372469636,47.70445344129555
1919-02-01,70.30803571428571,50.901785714285715
1919-03-01,78.24884792626727,56.10138248847926
1919-04-01,81.9,55.89047619047619
1919-05-01,86.99078341013825,64.37327188940093
1919-06-01,88.56190476190476,69.16190476190476
1919-07-01,90.72222222222223,71.13888888888889
1919-08-01,91.68518518518519,72.0
1919-09-01,89.72380952380952,70.15714285714286
1919-10-01,89.97222222222223,68.27314814814815
1919-11-01,79.15238095238095,58.55238095238095
1919-12-01,72.17972350230414,48.61290322580645
1920-01-01,73.38709677419355,49.193548387096776
1920-02-01,67.95566502463055,46.90147783251231
1920-03-01,76.0552995391705,51.2073732718894
1920-04-01,82.30143540669856,61.12918660287081
1920-05-01,85.2442396313364,64.17050691244239
1920-06-01,89.03333333333333,68.74761904761905
1920-07-01,90.68202764976958,71.17050691244239
1920-08-01,90.76497695852535,71.27188940092167
1920-09-01,89.35238095238095,70.15714285714286
1920-10-01,82.00460829493088,59.465437788018434
1920-11-01,74.83980582524272,53.99029126213592
1920-12-01,70.86175115207374,47.36405529953917
1921-01-01,73.54377880184332,48.824884792626726
1921-02-01,75.29081632653062,49.964285714285715
1921-03-01,84.11059907834101,58.9815668202765
1921-04-01,83.7,58.62380952380953
1921-05-01,85.63133640552995,62.26267281105991
1921-06-01,91.51219512195122,69.63414634146342
1921-07-01,88.74537037037037,71.35185185185185
1921-08-01,91.93087557603687,71.56221198156682
1921-09-01,92.65714285714286,70.61904761904762
1921-10-01,82.31797235023042,63.69124423963134
1921-11-01,78.61538461538461,57.4375
1921-12-01,74.33179723502305,52.74193548387097
1922-01-01,69.28708133971291,49.13875598086124
1922-02-01,77.03108808290155,54.58031088082902
1922-03-01,79.86574074074075,56.763888888888886
1922-04-01,86.14354066985646,61.71291866028708
1922-05-01,87.74193548387096,66.3410138248848
1922-06-01,89.71904761904761,70.36666666666666
1922-07-01,89.98617511520737,71.36405529953917
1922-08-01,88.62135922330097,71.24271844660194
1922-09-01,86.41904761904762,69.5904761904762
1922-10-01,82.33640552995392,66.82949308755761
1922-11-01,77.6298076923077,57.55288461538461
1922-12-01,74.88940092165899,53.97235023041475
1923-01-01,72.7420814479638,49.89140271493213
1923-02-01,73.7,51.17727272727273
1923-03-01,80.59591836734694,57.34285714285714
1923-04-01,83.57510729613733,61.51502145922747
1923-05-01,84.84518828451883,64.24686192468619
1923-06-01,87.81974248927038,70.60085836909872
1923-07-01,89.56326530612245,71.35510204081632
1923-08-01,91.3963133640553,71.68202764976958
1923-09-01,89.21465968586388,70.33507853403141
1923-10-01,81.10504201680672,62.02100840336134
1923-11-01,74.04621848739495,50.53361344537815
1923-12-01,75.55760368663594,53.99078341013825
1924-01-01,70.73364485981308,50.91588785046729
1924-02-01,69.75598086124401,46.92822966507177
1924-03-01,72.630081300813,49.853658536585364
1924-04-01,82.581589958159,59.92468619246862
1924-05-01,87.1497975708502,63.78542510121458
1924-06-01,92.48333333333333,70.90833333333333
1924-07-01,90.87903225806451,72.08467741935483
1924-08-01,93.51464435146444,72.7907949790795
1924-09-01,89.42272727272727,70.1590909090909
1924-10-01,79.50230414746544,62.617511520737324
1924-11-01,76.50952380952381,53.319047619047616
1924-12-01,74.6421568627451,53.083333333333336
1925-01-01,73.17226890756302,55.19747899159664
1925-02-01,74.56306306306307,51.0990990990991
1925-03-01,78.43548387096774,54.068548387096776
1925-04-01,82.86057692307692,58.17307692307692
1925-05-01,85.70325203252033,62.82113821138211
1925-06-01,89.84453781512605,69.72689075630252
1925-07-01,90.21370967741936,71.57661290322581
1925-08-01,91.51626016260163,71.73983739837398
1925-09-01,93.625,71.71666666666667
1925-10-01,86.89024390243902,64.10975609756098
1925-11-01,75.84033613445378,53.945378151260506
1925-12-01,68.59322033898304,48.317796610169495
1926-01-01,67.26160337552743,47.434599156118146
1926-02-01,72.69158878504673,47.91588785046729
1926-03-01,73.03347280334728,50.71548117154812
1926-04-01,79.97413793103448,58.125
1926-05-01,86.97119341563786,63.452674897119344
1926-06-01,89.48535564853556,69.24267782426779
1926-07-01,90.5725806451613,71.68951612903226
1926-08-01,92.0725806451613,72.43145161290323
1926-09-01,90.20416666666667,71.67916666666666
1926-10-01,85.08119658119658,62.08119658119658
1926-11-01,74.7,51.46666666666667
1926-12-01,75.51666666666667,52.34583333333333
1927-01-01,71.3991935483871,46.524193548387096
1927-02-01,79.52678571428571,55.00892857142857
1927-03-01,78.05645161290323,53.899193548387096
1927-04-01,84.92916666666666,60.31666666666667
1927-05-01,90.5,64.81666666666666
1927-06-01,93.29957805907173,71.20253164556962
1927-07-01,92.29838709677419,71.28225806451613
1927-08-01,91.76131687242798,72.0082304526749
1927-09-01,89.87982832618026,68.7725321888412
1927-10-01,84.52789699570816,62.69957081545064
1927-11-01,79.22916666666667,55.795833333333334
1927-12-01,70.55465587044534,48.30769230769231
1928-01-01,68.15040650406505,44.239837398373986
1928-02-01,74.15584415584415,51.65800865800866
1928-03-01,79.1497975708502,55.554655870445345
1928-04-01,80.23529411764706,56.81512605042017
1928-05-01,83.86234817813765,61.12955465587044
1928-06-01,91.06060606060606,68.5108225108225
1928-07-01,91.31451612903226,71.61290322580645
1928-08-01,89.96680497925311,72.0539419087137
1928-09-01,88.24489795918367,71.14795918367346
1928-10-01,84.72602739726027,65.07762557077625
1928-11-01,75.98275862068965,52.89224137931034
1928-12-01,71.3157894736842,47.821862348178136
1929-01-01,75.11688311688312,51.692640692640694
1929-02-01,75.75113122171946,53.51131221719457
1929-03-01,81.58264462809917,58.611570247933884
1929-04-01,85.60833333333333,61.3375
1929-05-01,88.38709677419355,65.28629032258064
1929-06-01,89.38235294117646,68.85714285714286
1929-07-01,90.36693548387096,70.11290322580645
1929-08-01,91.26422764227642,71.6178861788618
1929-09-01,88.12916666666666,70.90833333333333
1929-10-01,82.3048780487805,60.50406504065041
1929-11-01,79.9047619047619,58.78354978354978
1929-12-01,70.71063829787234,47.39148936170213
1930-01-01,73.90082644628099,51.90909090909091
1930-02-01,75.56756756756756,51.770270270270274
1930-03-01,72.0609756097561,52.357723577235774
1930-04-01,81.03781512605042,59.28151260504202
1930-05-01,88.27125506072875,65.13765182186235
1930-06-01,86.175,68.8875
1930-07-01,92.125,72.06854838709677
1930-08-01,90.88571428571429,69.57142857142857
1930-09-01,90.11666666666666,71.35833333333333
1930-10-01,81.59756097560975,59.65447154471545
1930-11-01,73.43062200956938,52.78947368421053
1930-12-01,64.60655737704919,45.39754098360656
1931-01-01,66.77642276422765,44.65853658536585
1931-02-01,69.85650224215247,47.08968609865471
1931-03-01,70.34677419354838,47.87096774193548
1931-04-01,78.47916666666667,56.358333333333334
1931-05-01,85.84100418410041,62.30125523012552
1931-06-01,91.72916666666667,67.6125
1931-07-01,93.19028340080972,72.33198380566802
1931-08-01,91.29838709677419,71.15322580645162
1931-09-01,89.95378151260505,70.03781512605042
1931-10-01,85.08130081300813,63.4349593495935
1931-11-01,80.15948275862068,55.810344827586206
1931-12-01,80.4412955465587,60.10931174089069
1932-01-01,77.43319838056681,54.91497975708502
1932-02-01,80.61777777777777,57.78666666666667
1932-03-01,75.18951612903226,49.88306451612903
1932-04-01,83.05,56.78333333333333
1932-05-01,88.38683127572017,63.8559670781893
1932-06-01,89.17154811715481,70.63598326359832
1932-07-01,94.92116182572614,72.59336099585062
1932-08-01,91.6491935483871,72.39516129032258
1932-09-01,88.52360515021459,70.1716738197425
1932-10-01,85.26016260162602,63.36991869918699
1932-11-01,73.67916666666666,52.87916666666667
1932-12-01,77.04435483870968,53.37096774193548
1933-01-01,73.83467741935483,51.66532258064516
1933-02-01,77.10267857142857,54.058035714285715
1933-03-01,77.74596774193549,52.153225806451616
1933-04-01,81.35,59.25833333333333
1933-05-01,91.20967741935483,67.40725806451613
1933-06-01,90.325,67.275
1933-07-01,90.81451612903226,71.66532258064517
1933-08-01,91.95020746887967,71.75933609958506
1933-09-01,91.7875,71.29166666666667
1933-10-01,84.61290322580645,64.9274193548387
1933-11-01,75.14225941422595,50.59832635983263
1933-12-01,75.74898785425101,50.94331983805668
1934-01-01,72.95161290322581,49.70564516129032
1934-02-01,71.52466367713005,46.37219730941704
1934-03-01,77.04435483870968,53.46774193548387
1934-04-01,82.58333333333333,58.920833333333334
1934-05-01,85.49794238683127,66.44855967078189
1934-06-01,89.30543933054393,71.26359832635983
1934-07-01,91.26016260162602,71.92682926829268
1934-08-01,91.47280334728033,71.54811715481172
1934-09-01,89.2943722943723,70.3982683982684
1934-10-01,86.09465020576131,64.1440329218107
1934-11-01,78.38235294117646,54.55882352941177
1934-12-01,71.95081967213115,48.50819672131148
1935-01-01,72.09677419354838,49.12096774193548
1935-02-01,73.03603603603604,47.9954954954955
1935-03-01,82.65725806451613,56.91129032258065
1935-04-01,83.75,60.09051724137931
1935-05-01,89.65447154471545,66.3170731707317
1935-06-01,91.60084033613445,69.71428571428571
1935-07-01,89.04838709677419,71.53225806451613
1935-08-01,91.36032388663968,72.52631578947368
1935-09-01,87.4322033898305,71.05508474576271
1935-10-01,84.12903225806451,64.84274193548387
1935-11-01,77.25738396624473,56.04641350210971
1935-12-01,63.739495798319325,42.016806722689076
1936-01-01,71.32710280373831,50.018691588785046
1936-02-01,70.93150684931507,48.34703196347032
1936-03-01,75.65182186234817,55.850202429149796
1936-04-01,82.94979079497908,59.83682008368201
1936-05-01,86.88709677419355,65.84274193548387
1936-06-01,88.5625,69.84583333333333
1936-07-01,90.81451612903226,72.91935483870968
1936-08-01,91.98387096774194,72.8024193548387
1936-09-01,90.63025210084034,71.76050420168067
1936-10-01,84.63157894736842,67.49392712550608
1936-11-01,74.275,53.65
1936-12-01,71.70967741935483,53.28225806451613
1937-01-01,79.29032258064517,61.100806451612904
1937-02-01,72.52307692307693,52.14871794871795
1937-03-01,74.46370967741936,52.225806451612904
1937-04-01,80.28333333333333,59.00416666666667
1937-05-01,86.2914979757085,65.21052631578948
1937-06-01,90.19166666666666,70.425
1937-07-01,90.30364372469636,72.19433198380567
1937-08-01,91.60323886639677,72.20647773279352
1937-09-01,88.26872246696036,70.37885462555066
1937-10-01,82.26422764227642,61.96747967479675
1937-11-01,73.50416666666666,52.49583333333333
1937-12-01,69.02183406113537,46.8471615720524
1938-01-01,69.81165919282512,48.44394618834081
1938-02-01,76.32863849765258,53.16431924882629
1938-03-01,83.46341463414635,57.72764227642276
1938-04-01,84.31666666666666,58.270833333333336
1938-05-01,89.83064516129032,65.84677419354838
1938-06-01,89.06694560669456,69.11297071129707
1938-07-01,90.01619433198381,70.77732793522267
1938-08-01,93.66390041493776,71.63485477178423
1938-09-01,89.63135593220339,69.02966101694915
1938-10-01,82.3991935483871,59.70564516129032
1938-11-01,78.6276150627615,57.68619246861925
1938-12-01,72.39516129032258,46.28225806451613
1939-01-01,73.23387096774194,48.99193548387097
1939-02-01,79.24107142857143,56.495535714285715
1939-03-01,82.24193548387096,56.70967741935484
1939-04-01,82.975,59.8125
1939-05-01,86.72177419354838,63.21774193548387
1939-06-01,90.89539748953975,70.26359832635983
1939-07-01,91.28629032258064,71.71370967741936
1939-08-01,90.17338709677419,71.53629032258064
1939-09-01,90.87083333333334,71.6
1939-10-01,85.64897959183673,66.12244897959184
1939-11-01,74.35416666666667,52.3125
1939-12-01,71.9758064516129,47.79032258064516
1940-01-01,62.58870967741935,39.435483870967744
1940-02-01,69.38528138528139,46.696969696969695
1940-03-01,75.78225806451613,52.74193548387097
1940-04-01,79.92083333333333,57.3125
1940-05-01,85.5569105691057,60.78861788617886
1940-06-01,89.99583333333334,71.25416666666666
1940-07-01,92.16935483870968,72.36693548387096
1940-08-01,91.59274193548387,73.13306451612904
1940-09-01,86.92916666666666,69.17916666666666
1940-10-01,83.54878048780488,59.27642276422764
1940-11-01,78.0901287553648,54.02575107296137
1940-12-01,75.35887096774194,55.21370967741935
1941-01-01,69.45161290322581,46.096774193548384
1941-02-01,67.66666666666667,44.31531531531532
1941-03-01,72.33193277310924,49.403361344537814
1941-04-01,82.1,59.7625
1941-05-01,86.95161290322581,60.69758064516129
1941-06-01,90.76724137931035,70.33620689655173
1941-07-01,90.16129032258064,72.9758064516129
1941-08-01,93.34677419354838,73.81451612903226
1941-09-01,90.02083333333333,71.8625
1941-10-01,87.52016129032258,68.56048387096774
1941-11-01,77.66108786610879,56.28870292887029
1941-12-01,74.50202429149797,54.27125506072875
1942-01-01,69.83064516129032,44.75806451612903
1942-02-01,66.40625,44.78125
1942-03-01,75.65182186234817,51.927125506072876
1942-04-01,81.94166666666666,56.63333333333333
1942-05-01,88.0241935483871,63.57258064516129
1942-06-01,90.30125523012552,70.3347280334728
1942-07-01,94.28744939271255,72.582995951417
1942-08-01,92.72177419354838,71.63709677419355
1942-09-01,90.07916666666667,70.6625
1942-10-01,85.26612903225806,60.30241935483871
1942-11-01,79.87916666666666,54.895833333333336
1942-12-01,74.3225806451613,51.649193548387096
1943-01-01,74.04453441295547,49.445344129554655
1943-02-01,72.81614349775785,44.82511210762332
1943-03-01,78.37246963562752,53.18218623481781
1943-04-01,82.2,56.94583333333333
1943-05-01,89.23790322580645,66.18951612903226
1943-06-01,92.2983193277311,70.95378151260505
1943-07-01,91.00806451612904,72.13709677419355
1943-08-01,91.25403225806451,72.48790322580645
1943-09-01,89.02916666666667,69.85833333333333
1943-10-01,81.72064777327935,58.18623481781376
1943-11-01,76.38493723849372,52.15062761506276
1943-12-01,73.12955465587045,48.15384615384615
1944-01-01,70.58870967741936,45.983870967741936
1944-02-01,80.66810344827586,53.56896551724138
1944-03-01,80.50943396226415,57.174528301886795
1944-04-01,83.92380952380952,60.90952380952381
1944-05-01,88.26267281105991,62.82027649769585
1944-06-01,93.76666666666667,70.97142857142858
1944-07-01,91.04608294930875,70.99078341013825
1944-08-01,91.81434599156118,71.90295358649789
1944-09-01,91.975,71.46666666666667
1944-10-01,83.02822580645162,60.03629032258065
1944-11-01,77.02916666666667,52.704166666666666
1944-12-01,70.09677419354838,44.73790322580645
1945-01-01,71.13615023474179,47.863849765258216
1945-02-01,77.875,53.254464285714285
1945-03-01,85.83870967741936,58.403225806451616
1945-04-01,87.8625,63.03333333333333
1945-05-01,88.99193548387096,62.064516129032256
1945-06-01,92.40833333333333,70.775
1945-07-01,90.24596774193549,72.11693548387096
1945-08-01,91.08064516129032,72.54435483870968
1945-09-01,90.43333333333334,71.96666666666667
1945-10-01,84.375,63.86693548387097
1945-11-01,77.45833333333333,52.579166666666666
1945-12-01,70.42323651452283,47.18257261410788
1946-01-01,73.05092592592592,49.90277777777778
1946-02-01,74.46666666666667,49.47179487179487
1946-03-01,79.18433179723502,55.382488479262676
1946-04-01,84.3047619047619,57.92857142857143
1946-05-01,88.10659898477158,66.8730964467005
1946-06-01,89.35978835978835,69.13227513227513
1946-07-01,90.8110599078341,71.60829493087557
1946-08-01,91.14814814814815,71.36574074074075
1946-09-01,88.98095238095237,69.98095238095237
1946-10-01,84.83410138248848,63.755760368663594
1946-11-01,81.88995215311004,62.23444976076555
1946-12-01,76.17511520737327,52.013824884792626
1947-01-01,79.04858299595142,57.03238866396761
1947-02-01,66.23214285714286,42.513392857142854
1947-03-01,73.64516129032258,50.193548387096776
1947-04-01,86.26359832635983,64.67364016736401
1947-05-01,87.74596774193549,66.05645161290323
1947-06-01,89.35983263598327,70.3765690376569
1947-07-01,88.7327935222672,70.51417004048584
1947-08-01,90.76113360323886,71.72874493927125
1947-09-01,88.04583333333333,70.625
1947-10-01,84.18623481781377,66.11740890688259
1947-11-01,77.875,59.233333333333334
1947-12-01,73.19354838709677,53.26209677419355
1948-01-01,69.17479674796748,46.26829268292683
1948-02-01,77.0909090909091,54.27272727272727
1948-03-01,81.52631578947368,61.283400809716596
1948-04-01,84.82083333333334,61.8375
1948-05-01,90.21862348178138,65.37651821862349
1948-06-01,92.74058577405857,70.2510460251046
1948-07-01,90.88284518828452,71.96652719665272
1948-08-01,90.44583333333334,72.22916666666667
1948-09-01,88.10952380952381,71.4952380952381
1948-10-01,82.23451327433628,62.163716814159294
1948-11-01,82.8047619047619,62.39523809523809
1948-12-01,77.25592417061611,56.96208530805687
1949-01-01,77.64077669902913,53.75242718446602
1949-02-01,79.6322869955157,58.32286995515695
1949-03-01,79.64049586776859,52.35950413223141
1949-04-01,82.70995670995671,60.6017316017316
1949-05-01,89.22857142857143,64.27755102040817
1949-06-01,90.57619047619048,69.74761904761905
1949-07-01,91.46558704453442,72.52631578947368
1949-08-01,90.27234042553191,72.28936170212766
1949-09-01,89.87341772151899,71.70886075949367
1949-10-01,86.53877551020408,67.47755102040816
1949-11-01,74.6125,50.25833333333333
1949-12-01,75.61382113821138,53.142276422764226
1950-01-01,79.8744939271255,56.25101214574899
1950-02-01,77.28125,51.52232142857143
1950-03-01,78.65322580645162,53.86693548387097
1950-04-01,80.36363636363636,53.073593073593074
1950-05-01,89.91056910569105,65.59756097560975
1950-06-01,93.39915966386555,70.9327731092437
1950-07-01,90.80971659919028,70.90283400809717
1950-08-01,91.92307692307692,71.26315789473684
1950-09-01,88.66101694915254,70.00847457627118
1950-10-01,85.00806451612904,66.47983870967742
1950-11-01,75.19658119658119,50.34188034188034
1950-12-01,68.73553719008264,44.925619834710744
1951-01-01,72.81376518218623,46.927125506072876
1951-02-01,73.53153153153153,46.828828828828826
1951-03-01,78.76763485477179,54.6058091286307
1951-04-01,80.27272727272727,57.294372294372295
1951-05-01,88.19834710743801,63.83471074380165
1951-06-01,92.0126050420168,69.50840336134453
1951-07-01,92.24596774193549,71.66532258064517
1951-08-01,93.61570247933884,73.45867768595042
1951-09-01,91.4142259414226,71.51046025104603
1951-10-01,85.6008064516129,65.78225806451613
1951-11-01,74.71489361702127,52.14042553191489
1951-12-01,76.13061224489796,54.06122448979592
1952-01-01,74.63709677419355,50.83467741935484
1952-02-01,72.30172413793103,50.25431034482759
1952-03-01,78.95546558704453,56.72064777327935
1952-04-01,80.40416666666667,56.295833333333334
1952-05-01,88.92712550607287,64.6923076923077
1952-06-01,93.5397489539749,71.49372384937239
1952-07-01,92.60569105691057,72.0
1952-08-01,91.8,72.12653061224489
1952-09-01,89.59583333333333,70.94583333333334
1952-10-01,81.13709677419355,63.67741935483871
1952-11-01,77.1297071129707,54.01673640167364
1952-12-01,70.89878542510121,45.92307692307692
1953-01-01,72.3076923076923,49.04858299595141
1953-02-01,75.2914798206278,51.88340807174888
1953-03-01,81.69918699186992,57.65447154471545
1953-04-01,82.73109243697479,58.7563025210084
1953-05-01,92.03688524590164,67.00409836065573
1953-06-01,90.60833333333333,71.15416666666667
1953-07-01,91.86974789915966,72.31932773109244
1953-08-01,90.29674796747967,72.2520325203252
1953-09-01,87.05416666666666,71.22083333333333
1953-10-01,81.50403225806451,62.12096774193548
1953-11-01,75.4,55.86666666666667
1953-12-01,72.68825910931174,53.03238866396761
1954-01-01,73.65322580645162,50.483870967741936
1954-02-01,74.93273542600897,50.19282511210762
1954-03-01,76.07661290322581,51.568548387096776
1954-04-01,85.66666666666667,63.413502109704645
1954-05-01,86.2408163265306,64.01632653061225
1954-06-01,91.44166666666666,70.5125
1954-07-01,91.04032258064517,71.90725806451613
1954-08-01,93.51209677419355,73.07661290322581
1954-09-01,90.56666666666666,71.52916666666667
1954-10-01,83.40485829959515,61.1578947368421
1954-11-01,74.50416666666666,51.975
1954-12-01,69.67338709677419,44.63709677419355
1955-01-01,70.35365853658537,46.58943089430894
1955-02-01,73.73660714285714,49.86607142857143
1955-03-01,79.56048387096774,54.774193548387096
1955-04-01,84.04166666666667,59.983333333333334
1955-05-01,90.29674796747967,64.82926829268293
1955-06-01,90.14345991561181,67.70886075949367
1955-07-01,91.13414634146342,70.72357723577235
1955-08-01,92.25910931174089,72.40485829959515
1955-09-01,90.55,71.525
1955-10-01,83.62903225806451,61.58467741935484
1955-11-01,77.975,52.0
1955-12-01,71.54545454545455,49.20661157024794
1956-01-01,67.42338709677419,41.83064516129032
1956-02-01,77.71120689655173,54.310344827586206
1956-03-01,79.15637860082305,51.31275720164609
1956-04-01,82.3047619047619,56.79047619047619
1956-05-01,89.38248847926268,65.91244239631337
1956-06-01,90.94146341463414,68.31219512195122
1956-07-01,91.96680497925311,71.13278008298755
1956-08-01,93.17094017094017,71.74786324786325
1956-09-01,88.28888888888889,68.16
1956-10-01,82.3195020746888,64.39834024896265
1956-11-01,76.13247863247864,51.17094017094017
1956-12-01,77.11111111111111,52.88461538461539
1957-01-01,75.67916666666666,52.65416666666667
1957-02-01,78.69266055045871,55.6605504587156
1957-03-01,76.4625,54.041666666666664
1957-04-01,83.37446808510639,61.702127659574465
1957-05-01,87.47555555555556,67.15555555555555
1957-06-01,90.16525423728814,71.19491525423729
1957-07-01,91.27642276422765,72.65040650406505
1957-08-01,90.09016393442623,72.01639344262296
1957-09-01,89.79130434782608,71.31739130434782
1957-10-01,80.94715447154472,61.0650406504065
1957-11-01,80.12987012987013,57.95238095238095
1957-12-01,71.38934426229508,45.885245901639344
1958-01-01,63.774193548387096,42.403225806451616
1958-02-01,64.43303571428571,40.96875
1958-03-01,73.91129032258064,53.66935483870968
1958-04-01,82.2125,60.15
1958-05-01,86.44354838709677,65.125
1958-06-01,91.67234042553191,71.23829787234042
1958-07-01,92.0,72.62551440329219
1958-08-01,91.79032258064517,72.38709677419355
1958-09-01,91.97083333333333,70.70416666666667
1958-10-01,82.85306122448979,61.587755102040816
1958-11-01,81.27196652719665,59.87029288702929
1958-12-01,71.16935483870968,48.556451612903224
1959-01-01,70.1869918699187,45.65040650406504
1959-02-01,78.00450450450451,57.450450450450454
1959-03-01,74.24596774193549,52.935483870967744
1959-04-01,81.78333333333333,59.9375
1959-05-01,88.77327935222672,66.87044534412955
1959-06-01,89.99047619047619,70.87142857142857
1959-07-01,91.21198156682027,71.80184331797236
1959-08-01,90.79166666666667,71.99074074074075
1959-09-01,88.97142857142858,70.74285714285715
1959-10-01,87.15207373271889,68.82949308755761
1959-11-01,76.85645933014354,56.282296650717704
1959-12-01,70.97695852534562,48.63594470046083
1960-01-01,71.42396313364056,47.94009216589862
1960-02-01,71.1576354679803,48.27093596059113
1960-03-01,72.82795698924731,49.155913978494624
1960-04-01,82.82222222222222,60.13333333333333
1960-05-01,87.45070422535211,63.389671361502344
1960-06-01,90.17916666666666,68.9625
1960-07-01,91.62096774193549,72.91129032258064
1960-08-01,92.0,72.54032258064517
1960-09-01,88.9623430962343,71.63179916317992
1960-10-01,86.38709677419355,65.72983870967742
1960-11-01,80.82845188284519,57.65271966527197
1960-12-01,69.30645161290323,43.939516129032256
1961-01-01,67.85483870967742,45.13709677419355
1961-02-01,76.29464285714286,51.892857142857146
1961-03-01,82.60082304526749,56.58847736625514
1961-04-01,81.38655462184875,55.23109243697479
1961-05-01,88.36574074074075,64.49074074074075
1961-06-01,91.23809523809524,68.79523809523809
1961-07-01,92.85024154589372,71.79227053140097
1961-08-01,92.23790322580645,71.64112903225806
1961-09-01,90.64583333333333,69.6875
1961-10-01,84.56734693877551,61.06530612244898
1961-11-01,80.25,57.104166666666664
1961-12-01,75.1008064516129,50.86290322580645
1962-01-01,72.15322580645162,48.17741935483871
1962-02-01,80.08035714285714,54.517857142857146
1962-03-01,75.92276422764228,52.146341463414636
1962-04-01,82.5,56.62083333333333
1962-05-01,91.99595141700405,65.31174089068826
1962-06-01,90.33333333333333,70.3875
1962-07-01,92.67281105990783,73.53456221198157
1962-08-01,91.74193548387096,72.28629032258064
1962-09-01,89.27083333333333,70.67083333333333
1962-10-01,85.3225806451613,62.94758064516129
1962-11-01,72.925,51.56666666666667
1962-12-01,70.03629032258064,45.46774193548387
1963-01-01,70.81048387096774,46.16532258064516
1963-02-01,68.46875,45.924107142857146
1963-03-01,80.61693548387096,56.70967741935484
1963-04-01,84.90833333333333,59.5125
1963-05-01,88.77016129032258,64.71370967741936
1963-06-01,91.22916666666667,70.35
1963-07-01,92.02016129032258,71.47177419354838
1963-08-01,93.49596774193549,71.92338709677419
1963-09-01,89.2,70.0375
1963-10-01,84.56854838709677,61.23790322580645
1963-11-01,76.0625,53.2125
1963-12-01,66.43103448275862,42.918103448275865
1964-01-01,69.35887096774194,47.520161290322584
1964-02-01,68.06896551724138,45.900862068965516
1964-03-01,79.85714285714286,56.97695852534562
1964-04-01,85.45,61.125
1964-05-01,87.90322580645162,64.7741935483871
1964-06-01,93.36666666666666,70.49166666666666
1964-07-01,90.70161290322581,71.97983870967742
1964-08-01,91.4758064516129,72.93951612903226
1964-09-01,88.80382775119617,70.58373205741627
1964-10-01,81.8024193548387,61.899193548387096
1964-11-01,80.07083333333334,58.74166666666667
1964-12-01,75.02822580645162,53.891129032258064
1965-01-01,71.91935483870968,48.41129032258065
1965-02-01,75.48214285714286,52.433035714285715
1965-03-01,78.01214574898785,56.23481781376518
1965-04-01,85.79166666666667,61.704166666666666
1965-05-01,89.8024193548387,63.30241935483871
1965-06-01,88.84583333333333,68.4625
1965-07-01,90.06048387096774,70.94354838709677
1965-08-01,91.5241935483871,71.90322580645162
1965-09-01,89.42677824267783,71.56903765690376
1965-10-01,82.89473684210526,63.587044534412954
1965-11-01,78.32916666666667,57.24166666666667
1965-12-01,72.76209677419355,49.53225806451613
1966-01-01,67.95161290322581,47.391129032258064
1966-02-01,71.59821428571429,49.464285714285715
1966-03-01,75.59677419354838,52.100806451612904
1966-04-01,82.17916666666666,57.32083333333333
1966-05-01,86.74596774193549,66.30645161290323
1966-06-01,87.4,68.5
1966-07-01,90.99596774193549,72.65322580645162
1966-08-01,91.51612903225806,72.13709677419355
1966-09-01,88.91666666666667,70.6875
1966-10-01,84.54838709677419,65.12096774193549
1966-11-01,76.47083333333333,53.204166666666666
1966-12-01,70.71370967741936,47.50403225806452
1967-01-01,74.03225806451613,51.16532258064516
1967-02-01,71.97321428571429,48.09375
1967-03-01,80.2286995515695,56.224215246636774
1967-04-01,86.16666666666667,60.55833333333333
1967-05-01,89.70161290322581,64.95161290322581
1967-06-01,89.40416666666667,69.9125
1967-07-01,90.66129032258064,71.21774193548387
1967-08-01,90.01626016260163,71.17479674796748
1967-09-01,87.69166666666666,68.6625
1967-10-01,83.36693548387096,60.806451612903224
1967-11-01,77.72916666666667,53.4125
1967-12-01,76.45967741935483,54.435483870967744
1968-01-01,71.42338709677419,47.766129032258064
1968-02-01,66.77489177489177,42.83116883116883
1968-03-01,75.88709677419355,48.395161290322584
1968-04-01,86.39166666666667,60.57083333333333
1968-05-01,87.64516129032258,64.83064516129032
1968-06-01,88.45833333333333,70.23333333333333
1968-07-01,90.88306451612904,71.49193548387096
1968-08-01,91.64853556485356,71.92050209205021
1968-09-01,89.14644351464435,69.61087866108787
1968-10-01,83.73387096774194,62.63709677419355
1968-11-01,74.98333333333333,51.0625
1968-12-01,71.0241935483871,45.70967741935484
1969-01-01,70.3024193548387,47.62096774193548
1969-02-01,68.86995515695067,45.65470852017937
1969-03-01,70.10887096774194,49.125
1969-04-01,83.67083333333333,61.06666666666667
1969-05-01,86.50403225806451,65.31854838709677
1969-06-01,92.225,71.71666666666667
1969-07-01,92.15725806451613,73.36290322580645
1969-08-01,89.86693548387096,71.93145161290323
1969-09-01,88.13333333333334,71.32916666666667
1969-10-01,84.0,68.21774193548387
1969-11-01,73.88702928870293,52.28033472803347
1969-12-01,69.5625,46.535714285714285
1970-01-01,64.67281105990783,44.40092165898618
1970-02-01,68.84183673469387,45.92857142857143
1970-03-01,76.01345291479821,55.48430493273543
1970-04-01,84.4322033898305,62.58898305084746
1970-05-01,87.1097046413502,63.278481012658226
1970-06-01,89.4602510460251,69.36820083682008
1970-07-01,91.99596774193549,71.41532258064517
1970-08-01,90.87096774193549,72.54838709677419
1970-09-01,91.2125,70.94583333333334
1970-10-01,86.00921658986175,65.29032258064517
1970-11-01,74.97916666666667,48.375
1970-12-01,75.99163179916317,48.92050209205021
1971-01-01,72.26271186440678,48.067796610169495
1971-02-01,75.12037037037037,49.958333333333336
1971-03-01,76.1417004048583,49.64372469635627
1971-04-01,81.65822784810126,56.50632911392405
1971-05-01,87.65182186234817,62.688259109311744
1971-06-01,90.23333333333333,69.44285714285714
1971-07-01,91.24050632911393,71.09282700421942
1971-08-01,90.53629032258064,71.6975806451613
1971-09-01,88.8,70.34166666666667
1971-10-01,86.32661290322581,66.2258064516129
1971-11-01,78.13333333333334,55.00416666666667
1971-12-01,79.13524590163935,57.90163934426229
1972-01-01,77.64112903225806,55.70161290322581
1972-02-01,71.46982758620689,49.099137931034484
1972-03-01,79.35483870967742,53.78225806451613
1972-04-01,82.97083333333333,59.00833333333333
1972-05-01,85.70161290322581,64.9274193548387
1972-06-01,88.47619047619048,69.64761904761905
1972-07-01,91.82949308755761,70.61751152073732
1972-08-01,91.036866359447,70.81566820276498
1972-09-01,91.1255230125523,68.23849372384937
1972-10-01,85.99193548387096,63.09274193548387
1972-11-01,77.3531914893617,57.263829787234044
1972-12-01,75.81481481481481,52.547325102880656
1973-01-01,71.23360655737704,49.15573770491803
1973-02-01,68.71171171171171,44.47747747747748
1973-03-01,80.17813765182186,57.340080971659916
1973-04-01,79.85,55.794444444444444
1973-05-01,87.65447154471545,63.84552845528455
1973-06-01,90.9125,69.8625
1973-07-01,91.51209677419355,71.62903225806451
1973-08-01,90.65,70.4625
1973-09-01,89.84761904761905,71.64285714285714
1973-10-01,85.39240506329114,63.063291139240505
1973-11-01,81.87234042553192,57.16595744680851
1973-12-01,70.18571428571428,45.92857142857143
1974-01-01,81.20574162679426,58.698564593301434
1974-02-01,73.98206278026906,47.53363228699551
1974-03-01,82.24596774193549,56.153225806451616
1974-04-01,83.75982532751091,56.890829694323145
1974-05-01,88.2672064777328,64.78947368421052
1974-06-01,89.07083333333334,68.55416666666666
1974-07-01,89.47906976744186,70.06976744186046
1974-08-01,91.01239669421487,71.24793388429752
1974-09-01,90.47083333333333,71.40416666666667
1974-10-01,82.74054054054054,59.29189189189189
1974-11-01,78.51960784313725,53.416666666666664
1974-12-01,71.99586776859505,48.67355371900826
1975-01-01,76.93951612903226,52.016129032258064
1975-02-01,78.34358974358975,54.261538461538464
1975-03-01,80.17573221757323,53.75732217573222
1975-04-01,85.40425531914893,58.625531914893614
1975-05-01,90.5725806451613,66.6774193548387
1975-06-01,91.042194092827,69.91983122362869
1975-07-01,89.75303643724696,70.95951417004049
1975-08-01,92.0725806451613,70.81048387096774
1975-09-01,89.17721518987342,69.85654008438819
1975-10-01,85.86521739130434,65.23478260869565
1975-11-01,77.84285714285714,55.55714285714286
1975-12-01,71.89626556016597,46.365145228215766
1976-01-01,69.51440329218107,42.1440329218107
1976-02-01,75.68995633187772,48.890829694323145
1976-03-01,82.45344129554655,56.449392712550605
1976-04-01,82.75732217573221,55.88284518828452
1976-05-01,85.59677419354838,64.25
1976-06-01,88.19665271966527,68.06694560669456
1976-07-01,91.2530612244898,71.0734693877551
1976-08-01,90.89112903225806,70.86290322580645
1976-09-01,88.67083333333333,68.56666666666666
1976-10-01,81.59756097560975,58.857723577235774
1976-11-01,73.41545893719807,50.966183574879224
1976-12-01,69.68571428571428,47.09795918367347
1977-01-01,63.27935222672065,39.02834008097166
1977-02-01,70.46113989637306,44.09326424870466
1977-03-01,81.66814159292035,57.6858407079646
1977-04-01,83.91983122362869,56.0126582278481
1977-05-01,87.53909465020575,62.17283950617284
1977-06-01,92.76569037656904,70.89539748953975
1977-07-01,92.03004291845494,70.90557939914163
1977-08-01,90.31451612903226,71.77822580645162
1977-09-01,90.62447257383967,71.13924050632912
1977-10-01,82.31223628691983,58.607594936708864
1977-11-01,78.4327731092437,55.00420168067227
1977-12-01,69.85470085470085,47.11965811965812
1978-01-01,64.45454545454545,42.239234449760765
1978-02-01,64.05555555555556,42.02777777777778
1978-03-01,75.17427385892117,50.41078838174274
1978-04-01,83.82926829268293,56.88780487804878
1978-05-01,88.47773279352226,64.9919028340081
1978-06-01,90.17703349282297,70.87081339712918
1978-07-01,90.51209677419355,71.93145161290323
1978-08-01,91.72983870967742,71.38709677419355
1978-09-01,90.9623430962343,69.38493723849372
1978-10-01,84.33333333333333,62.148148148148145
1978-11-01,82.12916666666666,58.24166666666667
1978-12-01,75.5672268907563,52.94117647058823
1979-01-01,68.75819672131148,44.16803278688525
1979-02-01,71.10407239819004,45.457013574660635
1979-03-01,77.25726141078839,50.90041493775934
1979-04-01,84.45853658536585,61.239024390243905
1979-05-01,86.23255813953489,63.906976744186046
1979-06-01,90.71966527196653,69.30125523012552
1979-07-01,92.93518518518519,72.72222222222223
1979-08-01,91.58196721311475,71.43032786885246
1979-09-01,88.93723849372385,72.39330543933055
1979-10-01,85.31336405529954,63.34101382488479
1979-11-01,78.62288135593221,56.32627118644068
1979-12-01,71.94238683127573,50.30452674897119
1980-01-01,71.1639344262295,48.5
1980-02-01,67.80904522613065,44.19597989949749
1980-03-01,79.37246963562752,56.33198380566802
1980-04-01,81.99166666666666,58.358333333333334
1980-05-01,86.8024193548387,65.06854838709677
1980-06-01,91.17180616740089,69.77533039647577
1980-07-01,92.93442622950819,73.2172131147541
1980-08-01,93.40833333333333,72.60833333333333
1980-09-01,91.9090909090909,70.95238095238095
1980-10-01,84.96624472573839,61.9746835443038
1980-11-01,76.30396475770925,54.12775330396476
1980-12-01,69.78775510204082,45.10612244897959
1981-01-01,64.46311475409836,36.21311475409836
1981-02-01,74.0228310502283,47.44292237442922
1981-03-01,75.88259109311741,50.068825910931174
1981-04-01,86.22844827586206,59.349137931034484
1981-05-01,88.9504132231405,62.6900826446281
1981-06-01,94.87142857142857,71.79047619047618
1981-07-01,93.97095435684648,72.46473029045643
1981-08-01,91.47280334728033,72.39748953974896
1981-09-01,89.82300884955752,67.74778761061947
1981-10-01,86.49767441860465,63.032558139534885
1981-11-01,77.62380952380953,50.97142857142857
1981-12-01,72.2132701421801,47.0
1982-01-01,73.13524590163935,45.5
1982-02-01,79.23660714285714,56.03125
1982-03-01,80.46774193548387,56.95564516129032
1982-04-01,83.575,60.5125
1982-05-01,87.18548387096774,62.11693548387097
1982-06-01,91.10416666666667,71.64166666666667
1982-07-01,91.96774193548387,71.88709677419355
1982-08-01,91.36290322580645,71.64516129032258
1982-09-01,89.14583333333333,69.62916666666666
1982-10-01,83.69354838709677,62.86693548387097
1982-11-01,80.51428571428572,59.72380952380952
1982-12-01,76.80566801619433,54.83400809716599
1983-01-01,68.29032258064517,45.891129032258064
1983-02-01,69.86160714285714,48.49107142857143
1983-03-01,73.72983870967742,51.685483870967744
1983-04-01,80.10460251046025,55.18828451882845
1983-05-01,87.48387096774194,63.30241935483871
1983-06-01,89.9125,69.49583333333334
1983-07-01,92.93951612903226,71.67338709677419
1983-08-01,92.4430894308943,72.50813008130082
1983-09-01,88.47435897435898,68.73931623931624
1983-10-01,85.29032258064517,64.75806451612904
1983-11-01,76.98333333333333,54.28333333333333
1983-12-01,71.46370967741936,50.233870967741936
1984-01-01,67.10752688172043,46.38709677419355
1984-02-01,72.84051724137932,49.375
1984-03-01,77.12903225806451,52.096774193548384
1984-04-01,81.22083333333333,58.15416666666667
1984-05-01,87.43951612903226,64.60483870967742
1984-06-01,89.66666666666667,68.74583333333334
1984-07-01,90.63306451612904,70.50403225806451
1984-08-01,91.70161290322581,71.32661290322581
1984-09-01,88.57083333333334,69.30833333333334
1984-10-01,86.42857142857143,64.61290322580645
1984-11-01,76.46861924686192,53.26778242677824
1984-12-01,78.06854838709677,53.62903225806452
1985-01-01,67.8991935483871,42.270161290322584
1985-02-01,74.47321428571429,49.754464285714285
1985-03-01,80.89878542510121,55.97570850202429
1985-04-01,82.67916666666666,59.1125
1985-05-01,89.6975806451613,65.53225806451613
1985-06-01,92.00836820083683,72.09623430962343
1985-07-01,91.29032258064517,71.85887096774194
1985-08-01,91.10483870967742,73.34274193548387
1985-09-01,89.09166666666667,70.83333333333333
1985-10-01,88.0607476635514,68.68691588785046
1985-11-01,82.07916666666667,63.13333333333333
1985-12-01,70.51012145748987,46.08502024291498
1986-01-01,70.1491935483871,47.475806451612904
1986-02-01,75.84304932735427,53.591928251121075
1986-03-01,76.79352226720648,52.959514170040485
1986-04-01,82.3375,55.17916666666667
1986-05-01,88.41129032258064,63.725806451612904
1986-06-01,90.86666666666666,71.06666666666666
1986-07-01,91.58870967741936,72.78225806451613
1986-08-01,91.70731707317073,72.21544715447155
1986-09-01,91.07142857142857,71.55714285714286
1986-10-01,85.68145161290323,65.87096774193549
1986-11-01,83.21666666666667,65.49166666666666
1986-12-01,73.42338709677419,56.354838709677416
1987-01-01,69.2672064777328,47.19433198380567
1987-02-01,72.43497757847534,50.88789237668161
1987-03-01,75.40322580645162,55.403225806451616
1987-04-01,78.3375,53.5375
1987-05-01,87.0524193548387,65.08870967741936
1987-06-01,91.43514644351464,71.18828451882845
1987-07-01,92.73790322580645,72.79032258064517
1987-08-01,93.34274193548387,73.34274193548387
1987-09-01,90.03333333333333,70.92083333333333
1987-10-01,80.7258064516129,58.66935483870968
1987-11-01,77.11715481171548,58.22594142259414
1987-12-01,74.17004048582996,51.477732793522264
1988-01-01,66.91129032258064,46.060483870967744
1988-02-01,70.82251082251082,46.692640692640694
1988-03-01,76.26209677419355,52.774193548387096
1988-04-01,82.50833333333334,58.59583333333333
1988-05-01,85.97177419354838,62.068548387096776
1988-06-01,90.0904761904762,69.88571428571429
1988-07-01,91.36290322580645,71.33870967741936
1988-08-01,91.74596774193549,72.625
1988-09-01,89.85416666666667,72.30833333333334
1988-10-01,83.54032258064517,59.95161290322581
1988-11-01,80.02083333333333,58.325
1988-12-01,72.85483870967742,48.766129032258064
1989-01-01,77.23481781376518,54.51012145748988
1989-02-01,75.96860986547085,51.12107623318386
1989-03-01,80.02822580645162,57.846774193548384
1989-04-01,83.93333333333334,59.661904761904765
1989-05-01,89.40552995391705,65.28571428571429
1989-06-01,91.58333333333333,70.7125
1989-07-01,91.85887096774194,72.45564516129032
1989-08-01,92.3991935483871,72.25403225806451
1989-09-01,90.09583333333333,71.38333333333334
1989-10-01,83.54838709677419,63.604838709677416
1989-11-01,79.23333333333333,55.55416666666667
1989-12-01,68.18433179723502,43.3963133640553
1990-01-01,77.06854838709677,52.67338709677419
1990-02-01,79.27232142857143,56.754464285714285
1990-03-01,80.68145161290323,55.600806451612904
1990-04-01,82.73333333333333,58.4125
1990-05-01,89.28629032258064,67.63306451612904
1990-06-01,91.56666666666666,70.95
1990-07-01,91.54032258064517,72.28225806451613
1990-08-01,92.10162601626017,72.26829268292683
1990-09-01,90.925,70.29166666666667
1990-10-01,85.73790322580645,65.48387096774194
1990-11-01,79.62083333333334,56.19583333333333
1990-12-01,76.93951612903226,52.693548387096776
1991-01-01,74.2741935483871,54.92338709677419
1991-02-01,73.85267857142857,51.745535714285715
1991-03-01,78.37096774193549,56.439516129032256
1991-04-01,84.74583333333334,64.40416666666667
1991-05-01,88.70967741935483,69.46370967741936
1991-06-01,90.02083333333333,70.42916666666666
1991-07-01,90.58467741935483,73.06854838709677
1991-08-01,91.33467741935483,73.2258064516129
1991-09-01,90.425,70.8125
1991-10-01,83.68548387096774,63.70564516129032
1991-11-01,74.82083333333334,53.11666666666667
1991-12-01,75.49193548387096,53.028225806451616
1992-01-01,69.27822580645162,47.125
1992-02-01,73.66233766233766,53.01298701298701
1992-03-01,76.75806451612904,53.66532258064516
1992-04-01,80.075,58.416666666666664
1992-05-01,85.63562753036437,61.19838056680162
1992-06-01,89.74583333333334,71.9625
1992-07-01,93.38709677419355,72.88306451612904
1992-08-01,90.28629032258064,71.72983870967742
1992-09-01,89.39583333333333,71.25
1992-10-01,81.75806451612904,61.66935483870968
1992-11-01,78.58715596330275,60.29816513761468
1992-12-01,72.91705069124424,51.142857142857146
1993-01-01,74.64516129032258,56.07258064516129
1993-02-01,70.53125,48.44642857142857
1993-03-01,74.90725806451613,52.818548387096776
1993-04-01,79.9625,55.083333333333336
1993-05-01,86.10887096774194,63.38709677419355
1993-06-01,91.59166666666667,70.52916666666667
1993-07-01,93.10887096774194,73.34274193548387
1993-08-01,92.59677419354838,73.10887096774194
1993-09-01,90.4625,71.42083333333333
1993-10-01,83.96370967741936,65.6491935483871
1993-11-01,77.72083333333333,57.420833333333334
1993-12-01,69.95564516129032,46.63709677419355
1994-01-01,70.16532258064517,49.03629032258065
1994-02-01,75.99553571428571,55.8125
1994-03-01,79.51209677419355,56.08870967741935
1994-04-01,85.1875,62.725
1994-05-01,88.64112903225806,66.12096774193549
1994-06-01,90.50416666666666,72.45
1994-07-01,90.66532258064517,72.00403225806451
1994-08-01,89.81048387096774,72.06048387096774
1994-09-01,87.775,70.76666666666667
1994-10-01,83.85887096774194,66.45161290322581
1994-11-01,80.72083333333333,61.9125
1994-12-01,72.80425531914894,54.4468085106383
1995-01-01,69.58467741935483,47.92338709677419
1995-02-01,72.88392857142857,49.294642857142854
1995-03-01,79.37903225806451,57.24193548387097
1995-04-01,83.125,61.520833333333336
1995-05-01,90.91532258064517,69.61290322580645
1995-06-01,88.84166666666667,71.57083333333334
1995-07-01,92.09677419354838,73.60887096774194
1995-08-01,91.20967741935483,75.125
1995-09-01,89.78333333333333,72.31666666666666
1995-10-01,84.93087557603687,67.58986175115207
1995-11-01,75.83809523809524,52.142857142857146
1995-12-01,69.9447004608295,47.935483870967744
1996-01-01,70.13364055299539,45.866359447004605
1996-02-01,72.60591133004927,48.16748768472906
1996-03-01,72.90783410138249,49.566820276497694
1996-04-01,81.32380952380953,57.352380952380955
1996-05-01,88.963133640553,67.0552995391705
1996-06-01,89.22857142857143,70.22380952380952
1996-07-01,92.09677419354838,73.39170506912443
1996-08-01,90.65384615384616,71.92788461538461
1996-09-01,89.76666666666667,70.54285714285714
1996-10-01,82.95852534562212,64.09216589861751
1996-11-01,76.81904761904762,55.371428571428574
1996-12-01,72.82488479262673,49.54377880184332
1997-01-01,72.49769585253456,49.27188940092166
1997-02-01,77.70918367346938,54.57142857142857
1997-03-01,82.91705069124424,61.142857142857146
1997-04-01,80.7,58.37619047619047
1997-05-01,86.88479262672811,65.3041474654378
1997-06-01,89.65238095238095,70.57619047619048
1997-07-01,92.45622119815668,72.6958525345622
1997-08-01,91.81566820276498,72.74193548387096
1997-09-01,90.5047619047619,70.8
1997-10-01,83.38709677419355,62.815668202764975
1997-11-01,75.21428571428571,54.957142857142856
1997-12-01,69.42396313364056,51.2073732718894
1998-01-01,71.6221198156682,52.07834101382488
1998-02-01,71.39285714285714,50.77040816326531
1998-03-01,74.93548387096774,52.310483870967744
1998-04-01,81.9875,60.733333333333334
1998-05-01,89.52016129032258,66.91532258064517
1998-06-01,95.52083333333333,74.07083333333334
1998-07-01,92.86290322580645,74.6491935483871
1998-08-01,92.35887096774194,73.77822580645162
1998-09-01,87.90833333333333,72.97083333333333
1998-10-01,86.14227642276423,66.55284552845528
1998-11-01,81.21666666666667,60.708333333333336
1998-12-01,76.97177419354838,55.63306451612903
1999-01-01,74.93522267206478,50.43724696356275
1999-02-01,75.47085201793722,50.946188340807176
1999-03-01,77.89430894308943,49.853658536585364
1999-04-01,86.34728033472804,61.73640167364017
1999-05-01,86.88663967611336,63.79352226720648
1999-06-01,88.92050209205021,70.22594142259415
1999-07-01,91.94354838709677,72.97983870967742
1999-08-01,92.23076923076923,74.15384615384616
1999-09-01,88.78389830508475,71.07203389830508
1999-10-01,83.3265306122449,65.36326530612244
1999-11-01,77.81171548117155,56.2928870292887
1999-12-01,71.51821862348179,50.48582995951417
2000-01-01,72.19028340080972,48.45344129554656
2000-02-01,74.6969696969697,49.02597402597402
2000-03-01,81.56451612903226,57.125
2000-04-01,82.53164556962025,57.40084388185654
2000-05-01,90.56275303643724,65.93927125506073
2000-06-01,91.95689655172414,70.46120689655173
2000-07-01,91.60816326530612,72.48979591836735
2000-08-01,91.73113207547169,72.12735849056604
2000-09-01,89.39910313901345,72.20179372197309
2000-10-01,83.09016393442623,60.83606557377049
2000-11-01,76.60759493670886,52.51476793248945
2000-12-01,70.51012145748987,46.93927125506073
2001-01-01,67.84836065573771,41.81967213114754
2001-02-01,78.34977578475336,55.69506726457399
2001-03-01,76.59336099585062,55.42323651452282
2001-04-01,83.69874476987448,58.93305439330544
2001-05-01,88.23481781376518,64.00404858299595
2001-06-01,91.21702127659574,70.96595744680852
2001-07-01,90.4089068825911,72.93927125506073
2001-08-01,91.417004048583,72.85425101214575
2001-09-01,86.60851063829787,70.25531914893617
2001-10-01,82.57786885245902,63.60245901639344
2001-11-01,79.03271028037383,58.85981308411215
2001-12-01,76.03319502074689,56.344398340248965
2002-01-01,71.9758064516129,49.96370967741935
2002-02-01,72.26785714285714,50.19642857142857
2002-03-01,81.09274193548387,56.42338709677419
2002-04-01,85.65822784810126,63.89029535864979
2002-05-01,89.20816326530613,65.75510204081633
2002-06-01,89.01271186440678,71.25
2002-07-01,90.38709677419355,72.93145161290323
2002-08-01,90.35887096774194,72.26209677419355
2002-09-01,89.77916666666667,73.53333333333333
2002-10-01,86.83467741935483,68.12096774193549
2002-11-01,75.55,53.92916666666667
2002-12-01,69.84274193548387,47.71774193548387
2003-01-01,66.04032258064517,41.524193548387096
2003-02-01,74.95982142857143,51.55357142857143
2003-03-01,80.65322580645162,61.770161290322584
2003-04-01,82.10416666666667,59.6375
2003-05-01,89.21370967741936,69.31451612903226
2003-06-01,88.35416666666667,72.34583333333333
2003-07-01,90.71370967741936,73.16532258064517
2003-08-01,89.41532258064517,73.03629032258064
2003-09-01,87.8625,71.42916666666666
2003-10-01,83.91935483870968,65.93951612903226
2003-11-01,80.55416666666666,59.920833333333334
2003-12-01,70.04435483870968,46.395161290322584
2004-01-01,70.71370967741936,46.49596774193548
2004-02-01,71.84482758620689,51.55172413793103
2004-03-01,78.58064516129032,54.810483870967744
2004-04-01,81.02916666666667,56.99166666666667
2004-05-01,88.62085308056872,66.2132701421801
2004-06-01,92.51428571428572,72.33809523809524
2004-07-01,91.5,72.97520661157024
2004-08-01,90.02822580645162,73.67338709677419
2004-09-01,87.85643564356435,72.74752475247524
2004-10-01,84.83870967741936,65.46082949308756
2004-11-01,78.62083333333334,56.02916666666667
2004-12-01,69.85483870967742,48.78225806451613
2005-01-01,72.10887096774194,50.774193548387096
2005-02-01,73.75446428571429,51.183035714285715
2005-03-01,75.325,54.17916666666667
2005-04-01,80.4125,56.7875
2005-05-01,85.77016129032258,65.13709677419355
2005-06-01,87.88333333333334,72.90833333333333
2005-07-01,92.26209677419355,74.88306451612904
2005-08-01,92.65322580645162,74.8991935483871
2005-09-01,89.77083333333333,72.39583333333333
2005-10-01,82.98387096774194,65.65725806451613
2005-11-01,78.67083333333333,58.30416666666667
2005-12-01,68.559670781893,47.59670781893004
2006-01-01,73.45161290322581,50.50403225806452
2006-02-01,72.00446428571429,48.00892857142857
2006-03-01,78.27822580645162,53.5
2006-04-01,85.17083333333333,61.666666666666664
2006-05-01,88.50403225806451,65.12096774193549
2006-06-01,90.5125,71.2375
2006-07-01,91.15322580645162,72.43951612903226
2006-08-01,91.81327800829875,73.57261410788382
2006-09-01,89.26244343891403,71.21719457013575
2006-10-01,84.73160173160173,62.18614718614719
2006-11-01,75.4125,54.5125
2006-12-01,75.52016129032258,56.903225806451616
2007-01-01,72.7510729613734,52.862660944206006
2007-02-01,70.79464285714286,48.29017857142857
2007-03-01,79.72131147540983,54.790983606557376
2007-04-01,81.52916666666667,57.6125
2007-05-01,86.3041474654378,63.8294930875576
2007-06-01,89.65957446808511,70.49787234042553
2007-07-01,91.51028806584362,73.7448559670782
2007-08-01,93.1694214876033,74.62396694214875
2007-09-01,90.025,72.32083333333334
2007-10-01,85.84647302904564,69.65145228215768
2007-11-01,77.65531914893617,55.63404255319149
2007-12-01,77.02066115702479,55.888429752066116
2008-01-01,71.44354838709677,49.70967741935484
2008-02-01,76.54260089686099,53.16591928251121
2008-03-01,78.3024193548387,54.814516129032256
2008-04-01,82.03829787234042,59.61276595744681
2008-05-01,88.11522633744856,66.77777777777777
2008-06-01,91.39055793991416,71.17596566523605
2008-07-01,90.33766233766234,72.82683982683983
2008-08-01,89.5725806451613,74.1975806451613
2008-09-01,89.37872340425533,71.7404255319149
2008-10-01,82.90946502057614,62.95061728395062
2008-11-01,74.525,51.3625
2008-12-01,74.61693548387096,52.33870967741935
2009-01-01,70.29435483870968,46.44758064516129
2009-02-01,71.63392857142857,46.191964285714285
2009-03-01,79.45564516129032,54.395161290322584
2009-04-01,83.00416666666666,59.733333333333334
2009-05-01,87.58870967741936,67.39112903225806
2009-06-01,91.6875,73.1625
2009-07-01,90.86175115207374,73.82488479262673
2009-08-01,91.80869565217391,74.30434782608695
2009-09-01,90.31308411214954,73.13084112149532
2009-10-01,86.3991935483871,67.00806451612904
2009-11-01,77.18333333333334,57.729166666666664
2009-12-01,71.33870967741936,52.971774193548384
2010-01-01,64.93548387096774,42.375
2010-02-01,64.10091743119266,43.70183486238532
2010-03-01,70.77822580645162,49.36693548387097
2010-04-01,82.15384615384616,59.324786324786324
2010-05-01,89.04435483870968,69.33870967741936
2010-06-01,93.36666666666666,73.525
2010-07-01,92.25,74.72983870967742
2010-08-01,91.3225806451613,75.33870967741936
2010-09-01,90.54310344827586,72.01293103448276
2010-10-01,84.97177419354838,61.62096774193548
2010-11-01,78.05309734513274,55.21238938053097
2010-12-01,63.53225806451613,38.87096774193548
2011-01-01,68.34146341463415,45.97560975609756
2011-02-01,74.67117117117117,51.88288288288288
2011-03-01,80.26209677419355,55.12903225806452
2011-04-01,86.94979079497908,61.39330543933055
2011-05-01,89.26612903225806,64.63306451612904
2011-06-01,92.70464135021098,70.9493670886076
2011-07-01,91.7246963562753,73.582995951417
2011-08-01,92.44672131147541,74.87704918032787
2011-09-01,89.85650224215247,71.59192825112108
2011-10-01,81.04526748971193,61.440329218106996
2011-11-01,77.90756302521008,56.39495798319328
2011-12-01,74.7420814479638,53.25339366515837
2012-01-01,72.57661290322581,47.15725806451613
2012-02-01,75.98701298701299,55.47186147186147
2012-03-01,82.79352226720648,59.36842105263158
2012-04-01,84.26778242677824,60.51882845188285
2012-05-01,88.8225806451613,67.89516129032258
2012-06-01,88.00833333333334,71.07083333333334
2012-07-01,91.6260162601626,73.369918699187
2012-08-01,90.3225806451613,73.59274193548387
2012-09-01,88.67916666666666,71.46666666666667
2012-10-01,83.23387096774194,65.22983870967742
2012-11-01,74.0875,52.00416666666667
2012-12-01,74.03252032520325,51.764227642276424
2013-01-01,75.78165938864629,54.18340611353712
2013-02-01,74.37628865979381,50.70618556701031
2013-03-01,72.38157894736842,46.82017543859649
2013-04-01,83.6875,61.983333333333334
2013-05-01,85.3170731707317,64.15447154471545
2013-06-01,89.76987447698745,72.68200836820084
2013-07-01,89.62295081967213,73.27459016393442
2013-08-01,91.69354838709677,73.81048387096774
2013-09-01,88.97297297297297,71.29729729729729
2013-10-01,84.86290322580645,65.27822580645162
2013-11-01,77.68200836820084,58.85355648535565
2013-12-01,76.28744939271255,55.473684210526315
2014-01-01,67.02752293577981,45.637614678899084
2014-02-01,74.85915492957747,53.19718309859155
2014-03-01,75.59426229508196,53.872950819672134
2014-04-01,82.59832635983264,61.15481171548117
2014-05-01,88.04489795918367,66.15510204081633
2014-06-01,90.43933054393305,71.7029288702929
2014-07-01,91.08870967741936,73.95564516129032
2014-08-01,92.29674796747967,74.65447154471545
2014-09-01,88.2991452991453,72.09401709401709
2014-10-01,84.23376623376623,63.683982683982684
2014-11-01,73.32314410480349,51.51528384279476
2014-12-01,72.28313253012048,52.45783132530121
2015-01-01,70.24583333333334,49.708333333333336
2015-02-01,68.9815668202765,47.055299539170505
2015-03-01,81.56680161943319,60.85425101214575
2015-04-01,86.10924369747899,67.36134453781513
2015-05-01,89.2914979757085,67.89473684210526
2015-06-01,92.0091743119266,72.90366972477064
2015-07-01,90.5049504950495,73.7128712871287
2015-08-01,90.5589519650655,73.79475982532752
2015-09-01,88.0126050420168,72.64285714285714
2015-10-01,83.87044534412955,65.98785425101215
2015-11-01,81.8595744680851,63.97021276595745
2015-12-01,79.44628099173553,61.93801652892562
2016-01-01,67.59504132231405,48.34297520661157
2016-02-01,71.52608695652174,48.44347826086957
2016-03-01,80.6822033898305,58.728813559322035
2016-04-01,83.12280701754386,61.021929824561404
2016-05-01,87.61382113821138,66.02439024390245
2016-06-01,91.2133891213389,73.05857740585775
2016-07-01,94.03658536585365,74.1951219512195
2016-08-01,91.18623481781377,74.39271255060729
2016-09-01,89.54201680672269,72.69747899159664
2016-10-01,84.59148936170213,65.23829787234042
2016-11-01,78.54201680672269,55.247899159663866
2016-12-01,78.21224489795918,56.755102040816325
2017-01-01,74.69327731092437,51.92857142857143
2017-02-01,78.11607142857143,53.892857142857146
2017-03-01,78.98775510204082,54.4
2017-04-01,85.69369369369369,60.788288288288285
2017-05-01,89.6910569105691,66.8130081300813
2017-06-01,89.0,72.38912133891213
2017-07-01,91.81451612903226,74.10887096774194
2017-08-01,91.55327868852459,74.77049180327869
2017-09-01,89.73214285714286,72.34375
2017-10-01,84.21719457013575,66.91402714932127
2017-11-01,78.97572815533981,58.03883495145631
2017-12-01,74.58149779735683,52.91629955947136
2018-01-01,66.90573770491804,44.8155737704918
2018-02-01,80.89285714285714,59.90625
2018-03-01,76.10204081632654,50.95510204081633
2018-04-01,82.77021276595745,60.47234042553192
2018-05-01,85.60655737704919,67.23770491803279
2018-06-01,90.7012987012987,72.98701298701299
2018-07-01,90.6276150627615,73.69874476987448
2018-08-01,91.61382113821138,73.41463414634147
2018-09-01,91.46753246753246,73.94805194805195
2018-10-01,87.05737704918033,67.6311475409836
2018-11-01,78.35470085470085,58.30769230769231
2018-12-01,72.44534412955466,53.02834008097166
2019-01-01,70.03225806451613,48.016129032258064
2019-02-01,79.28440366972477,58.44954128440367
2019-03-01,78.0677966101695,55.80508474576271
2019-04-01,84.03829787234042,60.96170212765958
2019-05-01,90.10743801652893,68.95867768595042
2019-06-01,91.53448275862068,73.67241379310344
2019-07-01,91.65502183406113,73.95196506550218
2019-08-01,90.90376569037657,75.09205020920503
2019-09-01,90.91666666666667,72.4375
2019-10-01,87.52845528455285,70.1910569105691
2019-11-01,76.6880341880342,56.162393162393165
2019-12-01,74.78481012658227,55.51054852320675
2020-01-01,73.57551020408164,51.98367346938775
2020-02-01,76.24242424242425,53.54978354978355
2020-03-01,84.16599190283401,60.068825910931174
2020-04-01,85.34322033898304,63.65677966101695
2020-05-01,87.30327868852459,65.68852459016394
2020-06-01,90.72765957446809,72.72340425531915
2020-07-01,92.20746887966806,74.86721991701245
2020-08-01,92.2551440329218,74.80658436213992
2020-09-01,89.26808510638298,73.19148936170212
2020-10-01,86.59071729957806,69.76371308016877
2020-11-01,80.49145299145299,62.11538461538461
2020-12-01,70.1890756302521,46.07142857142857
2021-01-01,71.19742489270386,48.896995708154506
2021-02-01,76.89041095890411,54.10045662100457
2021-03-01,80.25892857142857,57.254464285714285
2021-04-01,82.68544600938966,59.57746478873239
2021-05-01,89.23041474654377,65.74193548387096
2021-06-01,90.46601941747574,72.07281553398059
2021-07-01,90.83796296296296,73.77777777777777
2021-08-01,91.4957627118644,74.48305084745763
2021-09-01,89.0409090909091,71.48636363636363
2021-10-01,86.20600858369099,66.3519313304721
2021-11-01,74.44347826086957,53.75217391304348
2021-12-01,78.20083682008368,56.89121338912134
2022-01-01,70.24137931034483,47.69827586206897
2022-02-01,76.49769585253456,52.27188940092166
2022-03-01,82.74261603375527,57.552742616033754
2022-04-01,84.68691588785046,60.6822429906542
2022-05-01,89.25619834710744,66.54132231404958
2022-06-01,91.91629955947137,71.29515418502203
2022-07-01,93.1822033898305,73.33050847457628
2022-08-01,93.07725321888412,74.00858369098712
2022-09-01,89.0,71.92626728110599
2022-10-01,84.0506329113924,62.08016877637131
2022-11-01,79.75545851528385,62.07423580786026
2022-12-01,72.50833333333334,51.3875
2023-01-01,75.0,50.6890756302521
2023-02-01,80.58447488584476,55.77625570776256
2023-03-01,82.64830508474576,58.08474576271186
2023-04-01,86.25909090909092,63.945454545454545
2023-05-01,87.67886178861788,66.02439024390245
2023-06-01,90.91983122362869,71.32489451476793
2023-07-01,93.73360655737704,75.25
2023-08-01,94.28571428571429,75.54621848739495
2023-09-01,90.55128205128206,71.23076923076923
2023-10-01,84.02916666666667,64.32083333333334
2023-11-01,77.62114537444934,58.0
2023-12-01,71.72222222222223,52.68803418803419
2024-01-01,70.74369747899159,49.205882352941174
2024-02-01,73.05829596412556,49.2017937219731
2024-03-01,80.27155172413794,59.16379310344828
2024-04-01,83.10132158590308,59.12334801762115
2024-05-01,91.48770491803279,70.07377049180327
2024-06-01,92.87391304347825,73.45217391304348
2024-07-01,93.85123966942149,75.26446280991736
2024-08-01,92.33193277310924,75.3781512605042
2024-09-01,90.65625,74.45089285714286
2024-10-01,84.50638297872341,65.96170212765958
2024-11-01,81.26457399103138,60.48430493273543
2024-12-01,72.77685950413223,51.27685950413223
